일자,전국,서울,경기,인천,강원,충북,충남,전북,전남,경북,경남,세종,대전,대구,부산,광주,울산,제주
2024-07-01,1511.73,1607.69,1513.93,1504.81,1523.82,1518.11,1510.09,1498.79,1517.11,1489.93,1496.03,1506.34,1520.38,1475.87,1498.64,1493.11,1493.01,1601.77
2024-07-02,1516.22,1611.77,1518.52,1508.53,1527.21,1522.7,1513.46,1504.62,1520.07,1495.37,1500.56,1515.03,1524.98,1480.26,1503.95,1496.62,1503.08,1602.44
2024-07-03,1519.53,1614.11,1521.34,1513.99,1530.02,1526.19,1517.38,1508.46,1524.29,1499.25,1503.49,1515.34,1528.65,1483.43,1507.45,1498.41,1506.27,1603.34
2024-07-04,1524.84,1624.91,1527.73,1522.97,1535.05,1530.98,1521.61,1512.25,1527.7,1503.49,1507.32,1519.35,1538.25,1490.64,1513.69,1504.7,1510.6,1604.39
2024-07-05,1528.95,1629.05,1533.09,1527.73,1537.92,1534.61,1525.68,1515.89,1530.72,1507.82,1510.34,1523.68,1546.4,1495.58,1516.89,1509.39,1514.38,1604.86
2024-07-08,1538.36,1637.8,1544.76,1538.11,1546,1542.41,1534.53,1522.74,1537.69,1517.98,1519.56,1534.68,1562.57,1507.69,1527.57,1519.19,1522.34,1605.57
2024-07-09,1541.87,1642.2,1548.38,1540.43,1549.27,1544.61,1537.16,1524.88,1540.74,1520.8,1522.21,1540.22,1564.7,1510.83,1529.74,1522.29,1524.14,1640.26
2024-07-10,1543.44,1643.36,1550.11,1541.44,1550.47,1545.31,1539,1526.17,1542.68,1522.97,1523.78,1541.6,1566.24,1513.84,1530.73,1522.41,1525.72,1641.37
2024-07-11,1544.73,1643,1551.47,1546.98,1551.4,1546.2,1540.59,1527.1,1543.32,1524.4,1525.46,1544.38,1565.3,1516.01,1532.69,1523.1,1527.12,1641.13
2024-07-12,1546.05,1643.68,1552.72,1550.99,1552.37,1546.96,1541.84,1527.85,1544.78,1525.84,1527.43,1545.97,1566.43,1517,1535.39,1524.18,1527.24,1640.79
2024-07-15,1548.59,1644.44,1555.31,1552.85,1556.87,1549.43,1545.43,1529.7,1546.97,1528.67,1530.5,1549.31,1567.38,1520.12,1537.06,1525.63,1528.58,1640.88
2024-07-16,1548.83,1645.09,1556.18,1552.6,1558.38,1550.16,1546.67,1530.17,1547.9,1529.34,1531.46,1550.23,1567.13,1520.44,1536.94,1526.4,1527.75,1614.1
2024-07-17,1549.23,1642.14,1556.52,1553.09,1559.54,1550.52,1547.7,1531.66,1548.72,1529.88,1531.52,1550.6,1566.96,1521.07,1537.23,1528.03,1527.88,1610.12
2024-07-18,1549.44,1642.2,1556.79,1553.3,1560.34,1550.96,1548.2,1531.44,1549.48,1530.42,1531.35,1551.25,1566.61,1521.18,1537.85,1528.2,1526.48,1607.55
2024-07-19,1550.02,1644.76,1557.33,1553.85,1560.78,1551.53,1548.72,1532.36,1550.13,1530.51,1532.54,1552.32,1565.98,1520.9,1538.76,1528.93,1525.67,1605.79
2024-07-22,1550.54,1644,1557.73,1558.82,1562.15,1551.61,1549.19,1532.82,1550.6,1530.79,1533.87,1550.94,1564.95,1520.61,1537.95,1530.98,1524.92,1604.53
2024-07-23,1550.59,1643.84,1557.58,1561.26,1562.96,1551.25,1549.48,1533.4,1550.93,1530.24,1533.72,1550.63,1563.87,1520.95,1537.97,1531.09,1524.23,1604.61
2024-07-24,1550.22,1643.15,1556.75,1560.85,1562.87,1550.95,1548.74,1533.32,1551.12,1530.12,1533.54,1552.15,1562.99,1521.01,1537.41,1531.24,1522.74,1604.64
2024-07-25,1549.97,1642.8,1556.22,1561.02,1563.29,1550.67,1549.03,1532.76,1551.18,1529.95,1533.25,1550.15,1561.15,1519.9,1536.54,1531.23,1522.24,1607.15
2024-07-26,1549.59,1642.57,1555.62,1560.74,1563.2,1550.48,1548.69,1532.11,1550.81,1529.54,1533.27,1548.83,1560.1,1519.46,1535.96,1531.42,1521.9,1607.7
2024-07-29,1549.11,1642.26,1554.73,1560.66,1563.52,1549.67,1548.53,1531.53,1550.57,1529.03,1532.88,1546.37,1558.37,1519.1,1535.96,1531.72,1520.9,1607.45
2024-07-30,1548.59,1641.65,1554.2,1559.87,1563.42,1549,1548.78,1530.97,1549.97,1528.43,1532.33,1546.34,1556.58,1518.81,1533.96,1531.5,1520.71,1606.84
2024-07-31,1547.85,1641.38,1553.51,1558.93,1563.42,1548.43,1547.77,1530.85,1549.27,1527.77,1531.7,1545.86,1552.34,1517.68,1532.93,1530.16,1520.12,1605.86
2024-08-01,1547.17,1639.28,1552.19,1558.64,1563.09,1548.63,1547.88,1530.51,1548.79,1527.41,1531.17,1545.28,1551.29,1516.92,1530.84,1528.66,1519.3,1604.93
2024-08-02,1547.85,1641.38,1553.51,1558.93,1563.42,1548.43,1547.77,1530.85,1549.27,1527.77,1531.7,1545.86,1552.34,1517.68,1532.93,1530.16,1520.12,1605.86
2024-08-05,1545.9,1637.32,1549.88,1558.44,1562.83,1547.72,1546.6,1528.96,1548.33,1526.87,1530.72,1544.89,1546.44,1514.81,1530.33,1528.42,1517.13,1603.69
2024-08-06,1544.79,1634.8,1548.13,1557.52,1562.01,1546.7,1546.13,1527.98,1547.59,1526.2,1530.26,1543.34,1544.77,1512.3,1528.76,1526.12,1516.82,1604.46
2024-08-07,1543.03,1632.13,1546.17,1556.18,1560.74,1544.8,1544.81,1526.22,1546.81,1524.47,1528.62,1542.05,1539.19,1509.51,1526.89,1524.96,1515.15,1603.45
2024-08-08,1541.4,1628.2,1544.31,1556.18,1558.65,1542.68,1543.37,1525.43,1545.86,1522.81,1527.44,1539.65,1539.78,1506.78,1524.34,1523.8,1512.55,1603.53
2024-08-09,1539.98,1626.74,1542.24,1555.47,1557.76,1541.55,1542.11,1523.76,1544.96,1521.37,1526.65,1537.05,1537.5,1505.71,1522.58,1522.39,1510.83,1602.63
2024-08-12,1536.57,1623.35,1539.29,1553.21,1555.58,1538.14,1538.95,1520.42,1542.84,1518.58,1524.27,1534.03,1532.62,1503.48,1516.11,1520.0,1508.22,1573.74
2024-08-13,1534.73,1620.72,1536.96,1545.75,1554.43,1536.99,1538.11,1519.14,1541.58,1517.24,1523.47,1531.35,1531.91,1500.48,1513.16,1518.29,1505.01,1571.32
2024-08-14,1533.38,1618.56,1534.85,1541.89,1553.14,1536.16,1537.34,1517.98,1541.06,1516.51,1522.73,1530.37,1528.97,1499.22,1511.91,1516.78,1503.26,1569.86
2024-08-15,1532.21,1618.17,1533.17,1540.99,1552.44,1535.31,1536.62,1517.15,1539.83,1515.36,1521.38,1529.98,1529.76,1498.04,1509.76,1515.5,1501.37,1567.57
2024-08-16,1531.95,1618.14,1532.58,1540.25,1552.0,1535.39,1536.7,1517.15,1539.49,1515.22,1521.82,1530.75,1529.66,1496.67,1509.08,1515.23,1501.41,1566.52
2024-08-19,1529.88,1615.88,1530.41,1538.25,1550.33,1533.47,1535.46,1515.12,1536.78,1512.71,1520.23,1528.56,1527.93,1492.9,1506.28,1512.55,1499.83,1566.86
2024-08-20,1527.94,1616.01,1528.81,1535.4,1549.21,1532.24,1533.91,1513.49,1535.11,1510.56,1518.02,1524.75,1526.9,1491.44,1504.31,1509.91,1498.7,1548.76
2024-08-21,1525.12,1612.07,1525.98,1526.82,1547.01,1529.77,1531.57,1511.62,1534.02,1507.98,1515.69,1521.03,1525.38,1488.34,1500.66,1508.21,1498.44,1533.76
2024-08-22,1521.77,1609.86,1522.14,1520.22,1544.58,1527.26,1528.43,1508.7,1531.75,1504.92,1512.52,1516.6,1521.12,1482.48,1496.84,1503.47,1495.43,1530.16
2024-08-23,1518.17,1604.8,1517.23,1514.85,1541.0,1524.28,1526.56,1506.13,1529.17,1501.33,1509.26,1514.11,1516.45,1477.48,1493.21,1499.62,1493.12,1529.46
2024-08-26,1512.92,1599.31,1511.11,1512.08,1534.62,1518.48,1522.0,1502.18,1525.52,1495.93,1503.22,1506.18,1512.62,1472.19,1487.03,1493.34,1488.16,1527.95
2024-08-27,1510.53,1596.79,1507.8,1510.74,1532.5,1516.94,1520.12,1499.3,1523.38,1493.59,1500.53,1503.46,1510.78,1469.83,1484.91,1491.21,1487.84,1527.32
2024-08-28,1508.45,1594.09,1504.78,1509.44,1530.34,1515.6,1518.42,1497.67,1521.9,1491.43,1498.6,1502.55,1507.47,1469.24,1481.92,1489.26,1485.58,1527.69
2024-08-29,1506.28,1591.11,1502.24,1507.19,1528.07,1513.19,1517.05,1496.53,1520.44,1489.17,1495.59,1500.83,1506.83,1465.96,1479.62,1487.28,1482.4,1527.66
2024-08-30,1504.15,1588.97,1499.73,1500.05,1526.74,1511.47,1515.24,1495.09,1518.74,1487.89,1493.85,1498.34,1502.53,1461.77,1477.01,1484.11,1481.09,1527.21
2024-09-02,1499.31,1584.3,1494.64,1490.91,1521.98,1506.68,1510.23,1490.5,1515.01,1483.2,1488.5,1496.45,1497.42,1456.05,1474.46,1479.24,1475.39,1526.28
2024-09-03,1496.96,1581.7,1491.72,1487.56,1519.44,1504.83,1509.27,1488.58,1513.21,1480.64,1485.56,1495.29,1495.09,1452.91,1470.84,1478.07,1474.03,1526.31
2024-09-04,1494.04,1579.0,1488.31,1485.43,1516.69,1502.1,1506.88,1486.4,1509.97,1476.7,1482.71,1493.46,1492.22,1449.4,1468.03,1476.05,1471.96,1525.92
2024-09-05,1490.15,1571.81,1484.1,1482.7,1513.35,1498.65,1503.48,1481.73,1506.72,1473.03,1478.95,1490.17,1489.39,1443.43,1464.68,1472.13,1467.67,1525.46
2024-09-06,1486.87,1567.07,1480.38,1480.76,1509.63,1496.44,1500.52,1478.54,1503.41,1469.93,1476.12,1488.63,1486.69,1439.54,1462.09,1467.76,1460.63,1524.68
2024-09-09,1479.5,1560.8,1473.37,1471.34,1501.26,1489.12,1492.8,1471.49,1496.27,1463.06,1468.39,1484.45,1475.97,1432.3,1455.15,1460.61,1451.48,1518.86
2024-09-10,1474.9,1556.93,1468.1,1467.88,1496.3,1483.79,1488.3,1467.6,1492.67,1458.6,1464.64,1481.63,1467.43,1428.34,1448.94,1453.95,1445.38,1518.91
2024-09-11,1469.33,1552.95,1463.19,1462.73,1492.39,1478.39,1482.79,1461.91,1487.52,1454.76,1458.31,1474.63,1464.55,1424.52,1442.64,1448.8,1442.7,1479.02
2024-09-12,1464.2,1547.91,1458.34,1454.04,1488.67,1472.91,1478.7,1457.17,1482.97,1449.78,1454.48,1467.72,1458.09,1420.82,1437.78,1442.23,1438.58,1455.68
2024-09-13,1459.99,1545.5,1454.8,1447.67,1485.24,1468.33,1474.39,1451.8,1478.35,1445.29,1450.29,1461.92,1452.58,1417.31,1434.99,1438.21,1431.98,1451.66
2024-09-16,1453.1,1542.72,1448.88,1444.19,1475.05,1459.93,1466.63,1442.7,1469.72,1437.16,1443.6,1456.08,1446.77,1411.66,1430.85,1433.19,1427.32,1448.05
2024-09-17,1451.74,1541.3,1447.3,1443.74,1473.62,1458.36,1465.39,1441.33,1468.48,1435.85,1442.46,1455.31,1444.88,1410.66,1429.61,1432.77,1426.21,1445.82
2024-09-18,1450.64,1541.16,1446.25,1442.93,1472.02,1457.12,1464.3,1440.08,1467.44,1435.03,1440.66,1453.77,1442.67,1409.25,1429.12,1431.18,1425.19,1445.93
2024-09-19,1448.45,1535.7,1444.36,1441.69,1469.15,1454.8,1460.98,1437.8,1465.23,1433.34,1438.87,1452.63,1443.13,1407.86,1426.74,1428.39,1421.61,1446.89
2024-09-20,1444.64,1533.72,1439.44,1437.77,1465.81,1451.51,1457.0,1434.81,1460.32,1430.2,1435.76,1450.15,1437.8,1403.23,1423.52,1423.03,1418.37,1446.46
2024-09-23,1438.77,1528.23,1433.36,1429.96,1459.15,1446.42,1450.07,1429.91,1454.69,1423.4,1429.82,1438.44,1435.32,1399.11,1418.97,1415.11,1413.26,1445.45
2024-09-24,1435.61,1525.37,1429.82,1426.5,1455.88,1442.67,1446.67,1428.06,1450.55,1420.8,1426.59,1434.98,1430.47,1396.51,1415.98,1410.34,1411.74,1447.19
2024-09-25,1432.92,1522.74,1426.85,1424.27,1452.29,1439.79,1444.55,1425.16,1447.5,1418.3,1424.41,1431.91,1427.53,1393.39,1412.68,1407.32,1409.82,1447.87
2024-09-26,1430.62,1520.81,1424.35,1423.14,1449.71,1438.57,1441.61,1423.01,1445.1,1416.22,1422.55,1425.29,1423.5,1390.98,1409.79,1403.81,1408.35,1447.33
2024-09-27,1428.18,1519.35,1421.71,1421.98,1447.94,1436.26,1438.83,1420.79,1442.16,1414.49,1418.95,1423.29,1420.45,1388.01,1407.23,1400.24,1406.56,1447.36
2024-09-30,1423.38,1513.5,1416.75,1418.47,1443.06,1431.34,1434.0,1416.07,1437.63,1410.0,1414.06,1421.71,1416.41,1382.32,1401.21,1395.17,1401.2,1446.58
2024-10-01,1420.19,1510.7,1413.81,1415.21,1439.84,1427.43,1430.37,1413.5,1434.74,1406.96,1409.26,1420.68,1414.88,1378.01,1397.79,1393.62,1398.17,1446.11
2024-10-02,1418.47,1508.15,1412.64,1414.34,1437.68,1425.32,1428.32,1412.05,1433.09,1405.25,1407.07,1417.83,1412.3,1376.49,1396.98,1390.63,1395.73,1445.29
2024-10-03,1416.91,1506.27,1411.37,1411.89,1436.9,1424.07,1427.3,1410.57,1431.87,1403.38,1405.08,1417.55,1410.85,1373.96,1393.27,1389.75,1392.45,1444.88
2024-10-04,1416.4,1505.98,1411.16,1410.66,1436.56,1423.36,1426.81,1409.85,1431.65,1402.47,1404.57,1415.75,1410.7,1373.06,1392.9,1389.97,1392.66,1442.34
2024-10-07,1415.67,1503.83,1410.42,1408.51,1436.33,1424.33,1425.99,1409.9,1429.14,1401.85,1403.22,1413.37,1409.86,1375.08,1391.1,1388.41,1392.15,1445.01
2024-10-08,1416.35,1504.76,1411.23,1409.33,1437.28,1425.02,1426.57,1410.99,1429.63,1402.15,1403.8,1414.06,1411.16,1374.58,1390.79,1390.0,1392.21,1447.61
2024-10-09,1417.39,1508.86,1412.24,1411.36,1437.06,1426.64,1427.15,1413.02,1428.41,1403.41,1405.04,1414.22,1413.26,1375.09,1390.78,1391.32,1394.84,1447.43
2024-10-10,1418.16,1510.42,1414.2,1411.84,1437.34,1427.05,1427.4,1413.17,1428.92,1403.5,1405.35,1415.83,1414.08,1375.99,1391.48,1392.34,1395.68,1448.1
2024-10-11,1418.78,1511.4,1415.44,1412.2,1438.34,1428.01,1427.92,1413.6,1428.46,1404.1,1405.72,1416.25,1415.42,1375.67,1391.05,1393.28,1396.51,1449.03
2024-10-14,1421.33,1513.81,1419.53,1419.45,1440.23,1429.99,1430.04,1416.84,1428.96,1406.13,1407.51,1419.8,1420.29,1377.27,1391.61,1393.92,1399.93,1449.92
2024-10-15,1422.06,1515.63,1420.85,1420.98,1440.27,1430.3,1430.73,1416.94,1428.89,1406.92,1407.9,1417.86,1422.09,1378.96,1392.52,1394.57,1400.8,1448.91
2024-10-16,1422.22,1513.76,1421.53,1420.64,1440.29,1430.77,1430.03,1416.81,1429.04,1407.32,1408.68,1418.95,1423.31,1378.35,1391.99,1393.38,1401.68,1449.72
2024-10-17,1422.19,1512.79,1421.3,1421.54,1440.35,1430.3,1430.02,1416.39,1430.3,1407.25,1407.94,1420.17,1423.07,1378.9,1391.42,1396.26,1401.73,1450.24
2024-10-18,1422.28,1512.86,1421.13,1423.5,1440.04,1430.52,1430.31,1416.43,1429.31,1407.58,1408.32,1422.17,1423.08,1379.52,1391.48,1397.24,1402.2,1449.41
2024-10-21,1422.46,1512.02,1421.52,1420.15,1440.27,1430.9,1430.4,1417.28,1429.22,1407.86,1408.27,1422.38,1424.54,1380.76,1392.08,1397.18,1402.96,1449.05
2024-10-22,1422.11,1511.98,1421.09,1419.0,1440.7,1429.65,1430.33,1416.92,1428.23,1407.8,1407.8,1423.32,1425.15,1380.89,1392.09,1397.25,1401.18,1449.18
2024-10-23,1422.53,1512.82,1421.47,1419.36,1441.28,1429.58,1430.42,1417.23,1428.98,1407.88,1408.09,1426.02,1426.24,1380.5,1393.42,1400.03,1400.69,1450.53
2024-10-24,1423.01,1513.32,1422.12,1421.19,1441.62,1429.43,1431.27,1417.61,1428.72,1408.74,1408.85,1427.25,1426.91,1381.42,1392.86,1398.83,1401.08,1450.79
2024-10-25,1424.37,1514.83,1423.29,1424.19,1442.62,1430.23,1433.1,1418.32,1430.0,1410.05,1410.35,1428.71,1427.77,1382.87,1395.65,1402.03,1402.34,1451.27
2024-10-28,1428.0,1520.47,1426.6,1428.56,1445.16,1432.09,1435.28,1420.53,1431.99,1413.85,1413.79,1431.62,1431.79,1388.69,1399.86,1406.57,1404.28,1476.77
2024-10-29,1428.86,1522.36,1427.92,1429.33,1445.52,1432.4,1435.69,1420.78,1432.55,1414.86,1414.9,1432.38,1432.55,1389.55,1400.78,1406.19,1405.74,1478.9
2024-10-30,1429.73,1523.49,1428.66,1430.7,1446.07,1432.98,1436.69,1422.24,1433.22,1416.42,1415.4,1434.15,1433.27,1390.22,1401.16,1405.4,1407.64,1479.55
2024-10-31,1430.05,1522.35,1428.64,1430.15,1446.58,1433.29,1436.67,1422.31,1433.4,1417.46,1416.21,1433.02,1432.69,1391.47,1401.9,1406.75,1409.79,1479.89
2024-11-01,1433.78,1530.61,1433.98,1432.63,1451.55,1436.18,1439.95,1424.14,1437.11,1420.07,1419.5,1435.72,1435.08,1394.86,1403.87,1410.23,1412.92,1481.24
2024-11-04,1438.44,1537.01,1439.34,1438.04,1458.02,1442.21,1443.25,1426.8,1441.57,1424.47,1424.72,1437.31,1439.69,1398.37,1405.72,1415.06,1419.74,1481.64
2024-11-05,1440.59,1537.69,1441.29,1439.3,1459.53,1444.72,1444.75,1428.43,1443.23,1428.03,1427.4,1442.02,1441.19,1400.96,1408.86,1416.93,1422.36,1484.56
2024-11-06,1443.9,1541.79,1443.95,1441.69,1462.92,1449.27,1448.69,1430.85,1446.81,1431.91,1430.65,1445.48,1444.45,1404.98,1414.02,1419.41,1423.06,1486.15
2024-11-07,1446.99,1543.92,1447.25,1450.4,1464.62,1452.46,1451.9,1433.3,1449.2,1434.8,1433.2,1449.86,1448.42,1408.53,1419.91,1421.23,1426.68,1487.23
2024-11-08,1450.33,1548.92,1451.47,1454.42,1468.21,1456.26,1455.07,1434.99,1451.15,1438.66,1435.8,1454.91,1451.15,1412.65,1423.28,1423.76,1429.17,1487.77
2024-11-11,1457.53,1554.81,1460.17,1459.57,1473.26,1464.48,1462.03,1440.02,1454.77,1445.18,1440.05,1460.23,1460.33,1420.41,1429.53,1428.85,1434.61,1535.1
2024-11-12,1459.44,1555.8,1462.28,1462.48,1475.59,1465.01,1464.45,1441.61,1455.88,1447.44,1442.02,1461.38,1462.51,1422.17,1430.59,1430.26,1437.53,1539.64
2024-11-13,1461.61,1556.99,1465.04,1463.92,1477.12,1467.61,1467.08,1443.43,1458.03,1449.39,1443.85,1465.15,1464.47,1424.45,1432.65,1433.55,1436.66,1542.9
2024-11-14,1463.02,1557.83,1466.69,1465.5,1478.52,1469.07,1468.36,1444.77,1459.06,1450.58,1445.4,1468.63,1465.7,1426.87,1433.51,1434.97,1437.81,1544.46
2024-11-15,1464.49,1557.75,1468.13,1468.62,1479.9,1470.68,1469.45,1446.91,1460.1,1451.72,1447.2,1472.11,1466.13,1429.11,1434.69,1440.16,1438.19,1544.47
2024-11-18,1466.55,1558.98,1470.31,1472.48,1481.68,1472.31,1472.07,1449.72,1461.88,1453.56,1449.91,1472.25,1467.94,1431.39,1436.95,1441.49,1439.42,1543.94
2024-11-19,1467.48,1559.37,1471.07,1473.75,1482.64,1473.05,1472.6,1451.19,1462.33,1454.37,1451.43,1472.55,1468.69,1432.17,1438.78,1443.34,1440.46,1544.34
2024-11-20,1468.64,1559.65,1472.37,1475.9,1483.27,1474.38,1474.07,1452.63,1462.79,1455.44,1452.75,1473.25,1469.92,1432.69,1441.6,1443.49,1441.68,1543.98
2024-11-21,1469.71,1559.75,1473.69,1477.33,1484.23,1475.2,1475.12,1453.05,1464.08,1456.11,1453.89,1475.55,1471.22,1434.51,1443.48,1446.37,1442.22,1544.11
2024-11-22,1471.2,1560.01,1475.01,1480.91,1484.99,1477.09,1476.18,1455.05,1465.42,1457.89,1454.49,1477.86,1472.7,1436.48,1445.96,1448.78,1446.23,1543.93
2024-11-25,1474.46,1561.57,1477.8,1482.37,1488.94,1480.19,1479.31,1460.65,1468.19,1462.1,1458.53,1480.8,1475.84,1438.42,1449.71,1451.7,1449.23,1544.15
2024-11-26,1475.71,1561.88,1478.87,1481.15,1489.82,1481.57,1480.87,1462.42,1470.11,1462.95,1460.22,1481.89,1477.28,1439.58,1452.82,1452.75,1451.12,1543.67
2024-11-27,1477.06,1562.79,1479.41,1480.85,1490.43,1483.7,1482.01,1463.81,1471.45,1464.57,1462.66,1484.41,1479.14,1440.64,1456.19,1456.45,1453.3,1543.51
2024-11-28,1477.99,1563.0,1480.54,1481.75,1491.18,1483.89,1483.02,1465.21,1473.13,1465.14,1464.18,1485.11,1476.57,1441.38,1458.26,1457.52,1453.1,1543.81
2024-11-29,1478.93,1565.29,1481.13,1481.61,1492.63,1484.46,1483.02,1466.47,1473.29,1466.66,1465.95,1486.17,1477.18,1442.11,1461.03,1458.57,1454.37,1543.68
2024-12-02,1481.08,1567.69,1483.37,1482.72,1494.78,1486.45,1485.22,1468.59,1476.33,1467.96,1468.98,1486.25,1481.07,1444.16,1461.89,1459.63,1457.4,1544.08
2024-12-03,1482.0,1568.52,1483.81,1483.28,1495.86,1488.0,1486.02,1469.36,1477.2,1469.36,1469.87,1488.06,1482.39,1445.31,1462.68,1461.59,1459.14,1544.26
2024-12-04,1483.16,1568.8,1485.1,1483.52,1496.59,1489.31,1487.68,1470.54,1478.48,1470.74,1470.72,1487.36,1483.34,1446.64,1463.51,1465.47,1459.85,1544.4
2024-12-05,1484.52,1569.82,1486.06,1484.16,1497.54,1490.96,1489.18,1471.79,1480.19,1472.41,1472.04,1490.09,1484.25,1448.53,1465.2,1468.23,1461.68,1544.45
2024-12-06,1485.83,1570.91,1487.01,1484.68,1498.72,1492.16,1490.21,1473.38,1482.18,1474.32,1473.49,1491.75,1485.61,1451.03,1467.08,1469.26,1461.71,1544.26
2024-12-09,1487.95,1571.22,1489.08,1483.95,1502.08,1494.0,1493.19,1475.73,1484.57,1476.56,1476.18,1494.61,1484.42,1453.5,1470.16,1471.38,1462.68,1544.1
2024-12-10,1489.05,1573.15,1490.15,1484.68,1502.76,1494.85,1493.86,1476.83,1485.91,1477.84,1477.26,1494.59,1488.04,1455.32,1471.12,1471.65,1463.04,1545.1
2024-12-11,1490.03,1572.44,1490.9,1485.29,1503.41,1495.28,1494.77,1478.03,1487.7,1479.31,1478.48,1496.34,1488.7,1456.24,1472.04,1473.95,1464.65,1546.2
2024-12-12,1491.19,1573.58,1492.08,1486.88,1504.23,1496.62,1495.47,1479.41,1488.74,1480.2,1479.87,1497.28,1488.95,1458.49,1473.91,1475.12,1466.55,1546.52
2024-12-13,1492.56,1574.33,1492.91,1490.25,1505.58,1497.59,1496.47,1480.99,1490.31,1481.59,1481.83,1499.53,1489.9,1459.45,1475.73,1477.18,1469.62,1547.48
2024-12-16,1495.67,1576.37,1496.05,1492.77,1508.29,1499.69,1499.66,1484.23,1493.22,1485.76,1485.47,1501.08,1490.36,1463.31,1478.19,1481.48,1473.12,1550.33
2024-12-17,1497.28,1577.72,1497.63,1493.41,1510.32,1501.2,1501.05,1485.81,1495.12,1488.19,1486.89,1502.17,1491.98,1464.67,1479.49,1481.93,1475.46,1550.82
2024-12-18,1498.93,1578.34,1499.09,1495.61,1511.42,1502.69,1502.23,1486.55,1497.23,1490.38,1489.82,1503.03,1495.42,1466.41,1482.25,1482.88,1476.54,1550.61
2024-12-19,1500.35,1578.5,1500.97,1495.64,1512.61,1503.39,1503.33,1487.98,1498.19,1491.76,1492.05,1506.0,1496.38,1467.42,1485.28,1483.49,1479.97,1551.1
2024-12-20,1502.23,1580.53,1503.02,1497.99,1513.57,1505.24,1505.0,1489.36,1500.06,1493.76,1494.0,1506.92,1497.81,1471.04,1487.58,1485.44,1482.86,1550.79
2024-12-23,1505.4,1582.14,1506.34,1502.59,1515.41,1507.63,1507.65,1492.54,1503.36,1497.64,1497.9,1508.48,1500.98,1474.02,1492.07,1486.77,1488.52,1551.75
2024-12-24,1507.22,1583.51,1508.37,1504.62,1515.94,1509.23,1509.03,1493.78,1506.14,1500.0,1500.13,1509.59,1502.4,1476.28,1493.39,1488.55,1491.28,1552.21
2024-12-25,1508.4,1584.26,1509.25,1506.56,1517.88,1510.23,1510.19,1495.29,1507.12,1501.93,1500.69,1510.15,1504.13,1477.85,1494.38,1489.95,1492.18,1552.05
2024-12-26,1509.79,1585.84,1511.05,1507.62,1518.44,1510.62,1511.84,1496.33,1509.3,1503.43,1501.8,1510.46,1505.02,1479.58,1495.79,1491.67,1493.81,1552.23
2024-12-27,1511.45,1588.58,1512.83,1509.99,1520.27,1511.75,1513.6,1497.71,1510.48,1505.31,1503.82,1512.37,1508.0,1480.6,1496.9,1492.84,1494.43,1552.19
2024-12-30,1514.59,1591.28,1515.8,1515.62,1524.19,1514.55,1516.99,1499.86,1514.32,1509.05,1507.06,1516.37,1508.79,1484.17,1500.19,1494.28,1496.95,1552.47
2024-12-31,1515.78,1592.63,1516.83,1516.76,1525.26,1515.84,1517.88,1501.03,1515.49,1510.36,1508.73,1516.37,1513.28,1486.07,1500.41,1494.42,1498.26,1552.53
2025-01-01,1517.62,1592.65,1518.71,1518.21,1527.69,1518.25,1519.8,1501.8,1517.23,1511.73,1511.1,1519.08,1514.38,1488.03,1505.96,1496.26,1500.58,1553.08
2025-01-02,1519.37,1594.67,1520.66,1520.0,1528.76,1520.57,1521.0,1504.11,1518.44,1513.27,1513.33,1520.77,1515.75,1489.24,1509.27,1496.82,1502.68,1553.76
2025-01-03,1521.67,1597.99,1522.92,1520.59,1530.62,1523.93,1523.33,1506.46,1520.64,1515.2,1515.9,1522.34,1517.11,1490.94,1513.14,1499.58,1504.26,1554.45
2025-01-06,1529.0,1606.48,1530.77,1525.5,1537.69,1533.4,1529.57,1514.98,1526.09,1521.27,1523.01,1527.72,1527.41,1498.6,1522.71,1508.08,1511.36,1559.55
2025-01-07,1533.16,1609.09,1534.45,1528.85,1540.47,1537.52,1533.4,1519.78,1529.03,1524.45,1527.36,1529.28,1531.5,1501.75,1524.64,1511.31,1514.95,1596.31
2025-01-08,1536.36,1612.18,1537.82,1531.56,1544.21,1541.42,1536.62,1522.45,1531.33,1526.97,1531.08,1534.08,1535.08,1505.83,1527.02,1515.96,1518.29,1598.53
2025-01-09,1540.05,1618.66,1542.96,1537.62,1549.08,1543.93,1539.99,1525.19,1534.38,1529.53,1534.37,1538.37,1537.11,1508.64,1530.47,1518.18,1521.57,1598.14
2025-01-10,1542.88,1621.77,1546.23,1540.17,1552.99,1546.95,1543.39,1528.54,1536.26,1531.41,1536.69,1540.31,1541.37,1512.44,1533.26,1518.67,1524.78,1598.35
2025-01-13,1551.2,1632.33,1554.54,1551.18,1562.01,1554.48,1552.2,1537.66,1543.16,1538.7,1544.74,1554.17,1549.93,1520.22,1541.05,1531.85,1534.28,1598.61
2025-01-14,1555.55,1638.98,1558.49,1556.63,1565.97,1558.68,1556.23,1542.97,1547.05,1543.08,1548.35,1558.49,1558.16,1525.46,1544.91,1537.95,1538.83,1598.58
2025-01-15,1560.77,1643.68,1563.64,1565.51,1569.13,1562.95,1560.92,1548.29,1551.39,1548.82,1554.29,1562.97,1564.91,1531.85,1551.07,1544.91,1544.28,1601.79
2025-01-16,1565.94,1648.8,1568.6,1576.55,1573.11,1567.29,1566.0,1553.7,1555.98,1554.27,1559.76,1566.12,1568.84,1536.09,1557.54,1551.16,1549.64,1605.56
2025-01-17,1571.31,1656.67,1574.33,1581.04,1577.37,1572.65,1571.85,1559.14,1561.13,1559.18,1563.8,1569.83,1574.19,1542.92,1564.38,1556.87,1556.46,1607.49
2025-01-20,1581.12,1666.87,1585.2,1588.9,1585.57,1582.86,1583.87,1567.8,1570.26,1568.91,1573.37,1580.49,1585.55,1554.3,1573.62,1566.08,1565.08,1607.21
2025-01-21,1585.04,1671.82,1589.24,1590.64,1588.56,1587.14,1588.63,1570.42,1574.99,1572.46,1577.37,1587.49,1590.85,1558.74,1577.53,1570.12,1570.04,1607.86
2025-01-22,1589.08,1675.66,1592.95,1597.53,1591.25,1590.93,1592.38,1573.52,1578.46,1575.94,1579.96,1592.65,1594.0,1562.19,1580.53,1575.14,1574.02,1637.37
2025-01-23,1591.46,1676.76,1595.11,1601.33,1594.76,1594.31,1594.65,1575.52,1582.33,1577.68,1581.37,1595.58,1596.11,1564.16,1582.82,1576.46,1578.51,1640.42
2025-01-24,1593.44,1677.2,1597.3,1603.94,1597.67,1596.1,1596.91,1577.73,1584.78,1579.76,1582.81,1599.71,1597.15,1566.42,1584.32,1579.18,1578.1,1640.56
2025-01-27,1596.63,1678.96,1599.83,1607.47,1603.47,1601.15,1600.81,1580.24,1589.42,1583.38,1585.87,1601.49,1599.02,1568.57,1584.66,1583.01,1578.29,1642.02
2025-01-28,1596.91,1678.8,1600.05,1607.13,1604.07,1601.21,1600.85,1580.69,1590.46,1583.84,1586.07,1602.58,1598.23,1568.9,1584.97,1583.67,1579.21,1640.83
2025-01-29,1596.94,1679.35,1599.97,1607.0,1604.56,1601.47,1600.83,1580.93,1590.37,1583.8,1586.35,1602.95,1597.48,1569.36,1584.99,1583.18,1578.57,1641.49
2025-01-30,1596.95,1677.03,1600.09,1607.92,1605.19,1600.75,1600.93,1581.42,1590.61,1583.57,1586.81,1603.35,1596.37,1569.4,1584.82,1583.24,1578.97,1641.46
2025-01-31,1597.34,1676.32,1600.85,1608.11,1605.92,1601.52,1601.2,1580.72,1590.83,1584.05,1586.84,1603.32,1596.63,1569.03,1584.67,1586.23,1579.54,1641.99
2025-02-03,1597.66,1676.0,1600.35,1608.4,1607.34,1602.12,1601.64,1581.19,1592.5,1584.55,1587.08,1605.11,1597.63,1568.11,1583.68,1586.29,1580.31,1643.81
2025-02-04,1597.76,1674.42,1600.47,1606.62,1607.65,1602.35,1601.74,1582.06,1592.81,1584.77,1587.71,1605.31,1597.03,1567.86,1583.42,1587.56,1580.0,1642.71
2025-02-05,1597.76,1673.29,1600.39,1606.32,1607.46,1602.63,1602.06,1582.1,1592.81,1585.01,1587.48,1605.77,1597.94,1567.42,1584.21,1587.49,1580.1,1642.8
2025-02-06,1597.88,1673.12,1600.57,1607.06,1607.99,1602.39,1601.96,1582.57,1593.31,1585.38,1587.47,1606.56,1597.55,1567.25,1583.61,1587.18,1579.53,1642.48
2025-02-07,1597.88,1671.82,1599.92,1607.44,1608.65,1602.53,1602.03,1582.76,1594.15,1585.53,1587.57,1607.63,1597.28,1566.95,1584.64,1587.36,1579.0,1642.52
2025-02-10,1597.4,1670.23,1599.21,1606.18,1608.44,1602.34,1601.57,1581.64,1594.11,1585.32,1587.2,1607.42,1596.15,1566.26,1584.22,1586.1,1579.05,1646.05
2025-02-11,1596.82,1668.74,1598.42,1600.79,1608.53,1601.89,1600.81,1581.33,1594.69,1584.97,1587.61,1607.34,1594.54,1565.19,1583.34,1585.66,1578.3,1645.95
2025-02-12,1596.22,1667.57,1597.79,1597.2,1608.17,1601.35,1600.34,1581.34,1594.41,1584.44,1586.7,1607.34,1593.85,1564.57,1582.92,1584.82,1578.43,1646.3
2025-02-13,1595.84,1666.11,1597.35,1594.46,1608.35,1600.96,1600.36,1581.03,1594.58,1583.88,1586.22,1604.55,1595.68,1564.62,1581.85,1584.51,1578.63,1646.05
2025-02-14,1595.41,1665.74,1596.4,1593.99,1608.28,1600.38,1599.72,1580.46,1594.82,1583.71,1585.92,1604.86,1595.4,1564.33,1580.94,1584.69,1578.52,1645.95
2025-02-17,1594.16,1664.46,1595.14,1592.21,1607.9,1598.82,1598.01,1579.21,1594.01,1582.43,1585.29,1603.15,1591.14,1563.15,1579.26,1583.52,1576.2,1646.48
2025-02-18,1593.39,1664.08,1593.95,1590.4,1607.67,1598.34,1597.0,1578.74,1593.55,1581.96,1584.34,1601.89,1590.09,1562.3,1579.27,1582.16,1575.3,1646.51
2025-02-19,1592.7,1663.28,1592.61,1588.64,1607.29,1597.56,1596.34,1578.38,1593.51,1581.3,1583.85,1601.78,1592.04,1561.1,1577.69,1582.79,1574.87,1646.24
2025-02-20,1591.88,1663.19,1591.43,1586.86,1606.76,1597.27,1595.56,1578.34,1593.07,1580.88,1582.13,1601.31,1588.82,1560.25,1577.04,1582.06,1574.38,1645.99
2025-02-21,1591.3,1661.66,1590.69,1586.09,1606.31,1596.79,1595.01,1577.4,1593.0,1580.52,1581.74,1601.25,1588.65,1559.39,1576.39,1581.07,1574.26,1645.79
2025-02-24,1590.15,1661.15,1589.62,1583.59,1605.41,1595.76,1594.06,1576.43,1592.48,1579.43,1580.04,1599.69,1586.75,1557.51,1574.2,1580.62,1572.52,1645.74
2025-02-25,1589.43,1661.33,1588.66,1581.38,1604.22,1595.2,1593.61,1575.92,1592.44,1578.98,1578.62,1598.92,1586.73,1556.14,1573.66,1580.76,1570.96,1646.07
2025-02-26,1588.58,1660.4,1587.21,1579.12,1603.91,1594.47,1592.79,1575.56,1592.53,1577.79,1578.3,1598.22,1585.6,1555.4,1573.22,1579.31,1569.03,1646.67
2025-02-27,1587.58,1660.37,1585.58,1578.68,1603.27,1593.93,1591.79,1574.73,1591.71,1576.37,1577.24,1597.25,1584.03,1554.61,1572.87,1577.95,1568.5,1647.02
2025-02-28,1586.54,1658.04,1583.98,1575.96,1602.86,1593.42,1590.83,1574.86,1591.16,1575.81,1576.28,1596.18,1583.09,1552.7,1570.82,1577.16,1567.58,1646.64
2025-03-03,1583.61,1652.68,1580.47,1567.86,1600.59,1591.55,1588.87,1572.82,1589.37,1573.39,1573.55,1590.88,1579.8,1549.41,1566.18,1574.03,1563.98,1646.61
2025-03-04,1582.92,1654.24,1579.69,1566.7,1600.36,1590.56,1588.06,1571.85,1588.78,1572.48,1572.78,1590.26,1578.95,1548.2,1565.09,1573.27,1562.77,1646.74
2025-03-05,1581.22,1652.64,1577.25,1564.84,1599.29,1589.1,1586.74,1570.52,1587.76,1570.98,1571.53,1588.48,1577.79,1545.92,1561.79,1571.64,1560.15,1646.23
2025-03-06,1578.82,1650.06,1573.81,1561.45,1598.68,1587.32,1584.74,1568.68,1586.26,1568.44,1569.23,1588.02,1573.79,1542.38,1559.01,1569.13,1557.53,1646.18
2025-03-07,1576.01,1646.45,1570.2,1555.56,1595.96,1584.98,1582.25,1566.24,1584.97,1565.87,1566.94,1585.4,1568.6,1538.83,1556.74,1566.97,1554.7,1646.23
2025-03-10,1569.99,1639.88,1562.98,1546.55,1591.92,1579.04,1576.75,1561.9,1580.09,1559.8,1561.04,1578.63,1558.36,1532.38,1551.34,1562.43,1547.95,1644.25
2025-03-11,1565.98,1636.3,1558.53,1540.6,1590.91,1576.44,1573.22,1559.18,1577.83,1556.29,1556.88,1576.29,1552.9,1528.0,1546.68,1558.9,1543.87,1616.24
2025-03-12,1562.46,1631.54,1553.99,1536.53,1587.55,1573.22,1569.65,1556.53,1575.87,1553.12,1553.95,1572.52,1548.8,1525.33,1542.89,1556.28,1539.73,1610.6
2025-03-13,1558.89,1627.29,1549.77,1532.42,1584.28,1569.13,1566.58,1554.37,1573.63,1550.13,1550.22,1566.66,1545.19,1521.17,1536.69,1551.98,1534.77,1609.98
2025-03-14,1556.13,1624.94,1546.01,1530.32,1582.95,1566.67,1563.77,1551.74,1572.12,1547.8,1547.23,1560.43,1541.27,1518.45,1532.7,1550.53,1531.27,1608.12
2025-03-17,1550.69,1620.82,1539.59,1527.32,1578.27,1561.81,1557.82,1546.48,1568.5,1542.56,1541.33,1553.6,1534.05,1513.21,1526.56,1545.56,1522.05,1604.79
2025-03-18,1548.1,1619.71,1536.36,1525.13,1575.37,1559.28,1554.83,1545.01,1566.34,1539.52,1539.68,1552.6,1531.24,1509.69,1524.74,1543.25,1517.57,1601.93
2025-03-19,1545.89,1616.17,1533.86,1524.27,1574.14,1557.0,1552.69,1542.9,1565.07,1537.25,1537.82,1550.2,1528.18,1507.91,1520.13,1539.94,1514.66,1601.39
2025-03-20,1543.85,1613.82,1531.45,1522.48,1572.74,1554.48,1550.33,1541.7,1563.0,1534.97,1535.6,1546.63,1526.29,1505.6,1519.41,1539.56,1512.87,1600.66
2025-03-21,1541.87,1613.27,1529.84,1520.36,1571.07,1552.74,1547.19,1540.0,1561.51,1532.74,1533.63,1542.77,1524.32,1502.9,1514.53,1537.22,1511.58,1600.43
2025-03-24,1538.27,1611.77,1526.8,1517.44,1566.3,1548.34,1543.57,1536.55,1557.29,1529.26,1529.31,1539.78,1517.91,1499.14,1510.83,1534.75,1506.15,1600.23
2025-03-25,1536.55,1610.61,1525.22,1517.34,1563.54,1546.5,1542.29,1533.92,1555.58,1526.63,1527.63,1538.66,1518.39,1497.42,1509.04,1532.98,1505.19,1600.23
2025-03-26,1535.07,1609.59,1524.08,1516.55,1562.18,1544.9,1540.01,1532.85,1553.5,1524.96,1526.12,1537.83,1515.88,1496.35,1506.82,1531.37,1503.56,1600.28
2025-03-27,1534.01,1609.4,1523.25,1515.18,1560.87,1544.43,1538.68,1531.67,1552.17,1523.8,1524.78,1536.91,1515.45,1494.53,1505.74,1529.75,1503.06,1599.97
2025-03-28,1533.25,1608.21,1522.46,1515.43,1559.68,1544.16,1538.21,1530.92,1551.41,1523.03,1523.6,1535.45,1514.94,1493.8,1505.8,1528.29,1501.0,1599.81
2025-03-31,1531.92,1608.89,1522.01,1515.23,1559.45,1543.12,1537.29,1530.55,1549.84,1521.47,1522.28,1534.63,1513.91,1492.97,1503.77,1527.98,1500.73,1572.26
2025-04-01,1531.59,1607.92,1521.97,1515.44,1558.5,1542.94,1536.87,1530.22,1549.31,1520.86,1521.82,1532.92,1514.39,1493.81,1502.79,1528.09,1499.39,1572.64
2025-04-02,1531.44,1607.93,1522.26,1516.09,1557.88,1542.77,1536.24,1529.97,1549.35,1520.19,1521.85,1532.69,1515.25,1492.56,1502.65,1527.47,1499.83,1571.97
2025-04-03,1531.45,1607.53,1522.77,1516.88,1557.31,1543.2,1535.91,1530.12,1548.81,1519.95,1521.98,1532.94,1515.03,1493.19,1503.14,1526.87,1498.63,1571.66
2025-04-04,1531.27,1608.33,1523.09,1517.06,1556.52,1542.48,1535.59,1529.88,1548.32,1519.51,1521.42,1532.31,1516.06,1492.92,1503.55,1524.75,1498.63,1572.18
2025-04-07,1528.06,1605.91,1519.8,1512.88,1554.51,1539.13,1532.94,1527.1,1544.79,1516.08,1518.1,1531.69,1512.45,1489.18,1498.29,1518.76,1496.84,1571.69
2025-04-08,1524.74,1602.45,1516.17,1511.22,1552.18,1536.29,1530.69,1523.96,1542.62,1512.29,1514.99,1528.65,1503.99,1484.28,1492.57,1516.12,1492.04,1569.73
2025-04-09,1521.9,1599.09,1513.39,1509.09,1550.24,1533.87,1528.36,1520.38,1541.0,1509.71,1511.89,1527.25,1500.62,1478.95,1487.76,1512.15,1487.5,1567.82
2025-04-10,1519.53,1598.03,1510.92,1506.24,1548.27,1531.48,1526.25,1518.39,1538.59,1507.29,1510.23,1525.4,1498.15,1474.53,1485.36,1508.25,1482.77,1565.64
2025-04-11,1517.18,1595.09,1508.72,1504.87,1546.34,1528.66,1523.97,1516.14,1536.78,1504.46,1508.15,1523.71,1495.58,1470.77,1483.0,1504.95,1479.67,1564.24
2025-04-14,1513.05,1592.41,1505.26,1501.56,1542.87,1523.66,1520.2,1512.1,1532.09,1498.63,1503.06,1516.51,1493.08,1466.12,1480.2,1501.08,1473.64,1563.85
2025-04-15,1510.92,1590.47,1503.16,1499.75,1541.42,1520.96,1518.51,1509.9,1529.79,1496.9,1500.09,1514.2,1493.23,1463.75,1477.15,1498.8,1470.36,1562.51
2025-04-16,1508.59,1587.58,1500.99,1498.2,1539.12,1519.02,1516.09,1508.45,1526.21,1494.31,1497.75,1512.97,1490.64,1461.79,1475.09,1496.03,1465.94,1562.14
2025-04-17,1506.85,1586.62,1499.52,1496.39,1536.29,1517.13,1514.23,1507.59,1524.8,1492.02,1495.73,1507.86,1489.45,1459.18,1473.25,1495.34,1463.28,1561.64
2025-04-18,1505.47,1587.4,1497.61,1495.65,1534.47,1515.9,1513.2,1505.65,1522.91,1490.84,1494.51,1507.29,1489.88,1457.68,1471.66,1493.76,1461.45,1561.54
2025-04-21,1502.92,1586.1,1495.72,1493.66,1532.21,1512.82,1510.78,1503.12,1520.48,1487.48,1492.14,1505.63,1487.97,1456.25,1470.15,1489.67,1459.09,1548.08
2025-04-22,1501.81,1586.44,1494.8,1493.51,1530.97,1511.6,1509.09,1501.98,1519.28,1486.16,1490.18,1504.11,1487.48,1455.01,1469.54,1488.85,1458.48,1547.72
2025-04-23,1501.21,1585.93,1494.27,1492.18,1530.68,1511.03,1508.95,1501.4,1518.21,1485.86,1489.14,1503.18,1486.09,1454.06,1468.37,1488.45,1458.9,1547.74
2025-04-24,1500.8,1585.93,1493.98,1492.21,1530.33,1510.28,1507.79,1500.41,1517.75,1485.64,1488.55,1501.43,1486.76,1454.1,1469.04,1487.32,1459.52,1547.44
2025-04-25,1500.85,1587.07,1493.9,1492.06,1529.5,1510.51,1507.77,1500.26,1517.1,1485.56,1488.76,1503.65,1487.99,1454.83,1470.74,1487.59,1459.46,1547.23
2025-04-28,1501.3,1587.58,1494.25,1491.75,1529.28,1511.19,1509.01,1500.07,1516.8,1485.4,1489.56,1505.26,1490.66,1456.07,1472.31,1488.91,1460.81,1546.6
2025-04-29,1501.7,1588.89,1494.75,1492.47,1529.93,1511.37,1508.76,1500.09,1517.09,1486.18,1489.96,1504.71,1491.68,1457.12,1472.6,1488.26,1461.15,1546.76
2025-04-30,1502.39,1589.28,1495.83,1492.73,1529.82,1512.53,1509.61,1501.52,1517.31,1485.98,1490.74,1501.72,1492.38,1457.31,1473.37,1489.74,1464.12,1546.3
2025-05-01,1505.74,1601.34,1501.18,1505.14,1531.61,1514.18,1511.47,1502.97,1519.41,1486.09,1492.69,1505.75,1498.65,1459.33,1478.62,1492.36,1467.0,1547.98
2025-05-02,1506.85,1603.46,1502.88,1509.61,1532.42,1516.07,1512.49,1504.3,1519.87,1486.42,1492.8,1505.75,1500.72,1459.91,1478.15,1493.41,1468.26,1549.38
2025-05-05,1507.12,1604.83,1503.57,1513.25,1532.24,1516.16,1512.35,1504.04,1519.51,1486.88,1492.32,1507.06,1503.42,1459.49,1477.7,1492.92,1469.12,1548.82
2025-05-06,1506.43,1604.01,1502.8,1512.6,1532.68,1515.01,1511.37,1503.58,1519.27,1485.96,1491.87,1507.22,1501.99,1459.1,1477.59,1491.69,1468.29,1546.81
2025-05-07,1506.37,1603.66,1502.67,1508.95,1531.76,1515.37,1512.41,1502.89,1519.14,1486.64,1491.65,1506.7,1503.5,1459.84,1477.51,1491.4,1466.65,1547.96
2025-05-08,1505.59,1598.85,1501.96,1508.04,1531.28,1514.51,1511.84,1502.33,1518.57,1485.92,1491.07,1505.05,1503.36,1459.06,1477.05,1491.85,1465.25,1548.07
2025-05-09,1504.85,1597.18,1501.33,1506.37,1530.09,1514.23,1510.75,1501.51,1518.09,1485.23,1490.31,1505.45,1502.72,1458.72,1476.81,1490.85,1465.44,1547.89
2025-05-12,1503.66,1595.28,1500.14,1501.56,1528.38,1513.55,1510.52,1499.93,1516.29,1485.17,1489.15,1503.66,1501.95,1458.22,1474.76,1489.49,1462.92,1547.73
2025-05-13,1503.16,1594.66,1499.63,1499.01,1527.06,1512.3,1510.23,1499.76,1515.29,1485.52,1488.87,1501.75,1501.87,1458.11,1474.32,1489.56,1462.77,1547.83
2025-05-14,1502.82,1593.85,1499.08,1497.93,1526.86,1512.09,1510.37,1499.56,1514.55,1485.1,1488.53,1501.75,1501.75,1459.0,1474.1,1489.76,1462.58,1547.04
2025-05-15,1502.62,1592.67,1498.76,1496.93,1526.15,1511.75,1509.88,1498.97,1514.55,1485.43,1488.89,1502.06,1502.69,1458.95,1474.04,1490.36,1462.62,1546.79
2025-05-16,1502.2,1591.35,1498.31,1496.37,1525.68,1511.48,1509.75,1498.06,1513.99,1484.95,1488.59,1501.6,1502.04,1458.55,1474.45,1490.31,1461.76,1547.52
2025-05-19,1501.5,1591.84,1497.62,1495.42,1524.4,1511.2,1509.14,1497.28,1512.68,1483.61,1488.04,1500.97,1501.07,1458.29,1474.65,1489.77,1461.31,1547.41
2025-05-20,1501.12,1591.95,1497.0,1494.28,1523.88,1510.64,1508.97,1497.2,1511.59,1483.59,1488.0,1502.57,1500.79,1458.38,1474.81,1489.34,1461.15,1545.31
2025-05-21,1500.73,1591.08,1496.8,1494.07,1523.59,1509.75,1508.53,1496.16,1510.98,1483.84,1488.0,1501.03,1500.39,1458.16,1474.15,1489.23,1460.37,1543.6
2025-05-22,1499.99,1589.98,1496.13,1494.02,1522.17,1509.05,1507.88,1495.9,1509.79,1483.0,1487.22,1499.75,1499.59,1457.3,1473.87,1488.68,1460.37,1543.19
2025-05-23,1499.64,1589.49,1495.87,1494.08,1521.79,1508.48,1507.39,1495.13,1509.48,1482.9,1487.11,1499.38,1498.48,1456.96,1473.94,1488.03,1460.41,1542.25
2025-05-26,1498.69,1590.08,1495.39,1492.54,1520.2,1507.29,1506.22,1494.03,1508.27,1481.69,1486.23,1499.33,1496.81,1455.23,1472.48,1487.98,1460.08,1541.01
2025-05-27,1497.95,1589.45,1494.35,1491.95,1519.31,1507.16,1505.89,1493.37,1507.56,1481.02,1485.51,1497.06,1494.52,1453.69,1471.38,1487.47,1460.43,1540.58
2025-05-28,1497.18,1587.88,1493.52,1492.03,1518.4,1506.17,1504.74,1492.45,1506.59,1480.77,1484.63,1496.13,1494.47,1454.14,1470.22,1487.33,1459.96,1539.73
2025-05-29,1496.37,1585.49,1492.31,1491.5,1517.0,1505.12,1503.84,1492.06,1506.15,1480.55,1484.37,1494.59,1493.74,1452.6,1470.01,1487.05,1459.12,1539.59
2025-05-30,1495.84,1583.03,1491.53,1490.58,1516.89,1504.53,1503.8,1491.47,1506.27,1480.25,1483.86,1493.13,1492.32,1452.11,1470.15,1485.83,1459.43,1539.35
2025-06-02,1493.89,1582.51,1488.93,1488.8,1514.39,1503.31,1501.38,1489.55,1503.47,1478.48,1482.05,1490.84,1489.56,1451.04,1468.46,1486.75,1458.18,1539.42
2025-06-03,1493.33,1582.15,1488.32,1488.97,1513.49,1503.05,1500.81,1488.9,1502.8,1478.18,1481.13,1490.45,1488.45,1450.3,1468.61,1484.53,1458.62,1539.37
2025-06-04,1492.95,1581.92,1487.96,1487.88,1512.82,1502.32,1500.45,1488.81,1501.97,1477.89,1481.75,1489.98,1487.59,1450.41,1467.39,1483.7,1457.8,1538.98
2025-06-05,1492.35,1580.99,1487.14,1487.72,1512.06,1501.99,1500.28,1487.87,1500.73,1477.6,1480.76,1489.98,1487.19,1450.1,1467.46,1482.49,1457.86,1539.48
2025-06-06,1491.6,1578.85,1486.57,1486.41,1511.24,1501.27,1499.6,1486.91,1500.56,1476.67,1479.87,1487.77,1486.91,1449.54,1466.89,1482.4,1457.27,1538.7
2025-06-09,1491.0,1578.16,1486.13,1484.83,1510.88,1500.69,1499.03,1486.14,1499.38,1475.96,1479.41,1486.28,1486.62,1449.8,1466.68,1480.97,1456.92,1539.19
2025-06-10,1490.3,1578.78,1485.27,1483.45,1509.99,1499.98,1498.11,1485.34,1498.52,1475.53,1478.66,1485.97,1485.93,1449.12,1466.45,1479.57,1456.65,1539.01
2025-06-11,1490.03,1576.83,1484.71,1483.48,1509.65,1500.16,1497.47,1485.84,1498.06,1475.63,1478.62,1487.47,1485.77,1448.51,1465.71,1480.13,1457.1,1538.91
2025-06-12,1489.66,1575.31,1484.19,1483.86,1509.24,1499.89,1497.09,1485.0,1497.48,1475.62,1478.25,1487.61,1485.7,1448.38,1466.16,1480.77,1456.7,1539.09
2025-06-13,1490.08,1574.55,1484.56,1483.86,1509.11,1500.26,1497.4,1486.58,1496.82,1476.21,1479.06,1487.69,1486.79,1449.36,1467.02,1482.36,1456.85,1539.09
2025-06-16,1494.94,1584.55,1489.57,1494.36,1512.03,1505.18,1500.71,1490.63,1499.35,1480.21,1483.6,1492.17,1494.2,1454.15,1475.47,1488.99,1466.16,1538.98
2025-06-17,1497.49,1588.45,1492.66,1496.56,1512.9,1507.11,1502.71,1493.26,1501.14,1482.9,1485.64,1496.38,1498.76,1457.43,1480.71,1490.25,1469.82,1538.85
2025-06-18,1499.97,1592.35,1495.9,1498.35,1513.73,1508.54,1504.23,1494.83,1503.23,1485.4,1489.04,1496.73,1500.76,1459.61,1486.54,1491.47,1475.16,1538.98
2025-06-19,1503.76,1594.66,1500.21,1502.27,1515.89,1511.91,1506.92,1496.59,1504.17,1489.1,1491.83,1498.22,1504.02,1463.48,1492.36,1495.55,1481.22,1572.33
2025-06-20,1507.93,1600.87,1505.14,1506.96,1518.42,1515.89,1509.53,1500.41,1506.9,1493.45,1495.86,1500.97,1510.05,1471.17,1496.7,1497.29,1486.61,1576.87
2025-06-21,1512.79,1599.42,1510.48,1522.15,1521.12,1520.65,1513.4,1504.96,1509.08,1498.98,1500.02,1505.53,1516.95,1478.28,1505.4,1500.48,1497.05,1580.96
2025-06-22,1515.93,1601.65,1514.21,1528.44,1523.28,1523.94,1516.61,1506.96,1510.57,1501.96,1503.3,1508.89,1520.67,1480.55,1508.1,1503.69,1505.08,1583.5
2025-06-23,1522.63,1613.38,1522.42,1534.34,1527.53,1529.79,1522.14,1512.98,1514.72,1507.98,1510.41,1518.08,1528.87,1488.68,1515.15,1510.32,1516.98,1583.9
2025-06-24,1530.72,1626.05,1532.45,1541.63,1534.43,1535.92,1528.5,1517.75,1520.9,1515.57,1518.5,1524.73,1539.63,1496.32,1529.71,1517.42,1531.56,1585.64
2025-06-25,1532.12,1626.64,1534.69,1542.56,1536.07,1537.44,1529.91,1517.93,1521.72,1517.02,1520.31,1522.48,1540.64,1498.51,1528.85,1518.99,1533.55,1586.68
2025-06-26,1532.14,1625.7,1534.99,1541.53,1536.7,1536.89,1529.82,1517.02,1523.12,1517.12,1520.23,1522.72,1539.02,1499.83,1527.94,1518.49,1533.44,1587.31
2025-06-27,1532.11,1624.64,1534.49,1541.36,1537.47,1536.92,1530.48,1516.38,1523.64,1518.22,1520.15,1521.47,1536.83,1500.17,1527.31,1518.09,1532.84,1587.18
2025-06-28,1531.76,1618.37,1533.41,1541.08,1538.66,1536.57,1530.74,1516.97,1523.77,1519.05,1519.89,1522.03,1536.53,1500.22,1526.7,1518.38,1531.02,1586.91
2025-06-29,1531.53,1618.98,1533.25,1540.12,1538.47,1536.26,1530.54,1516.37,1524.0,1518.94,1519.42,1521.72,1534.9,1500.07,1526.7,1518.27,1530.36,1586.91
2025-06-30,1532.0,1623.56,1533.44,1538.6,1538.22,1536.42,1530.81,1516.58,1524.77,1519.59,1520.04,1521.22,1536.45,1500.19,1526.57,1519.19,1530.86,1587.28
2025-07-01,1531.68,1622.29,1532.0,1537.47,1538.86,1536.11,1531.13,1516.07,1525.7,1519.6,1520.73,1521.97,1535.8,1500.09,1526.18,1518.64,1529.38,1587.18
2025-07-02,1531.21,1621.99,1531.41,1535.18,1538.7,1535.54,1530.56,1516.53,1525.79,1519.27,1520.22,1522.14,1534.26,1499.01,1524.63,1519.18,1528.49,1587.18
2025-07-03,1530.73,1620.74,1530.84,1534.59,1538.98,1534.89,1530.29,1515.93,1526.1,1518.87,1519.86,1521.38,1533.5,1498.19,1523.1,1518.24,1526.27,1587.53
2025-07-04,1530.71,1620.65,1530.55,1534.37,1538.93,1534.61,1530.15,1515.98,1526.62,1519.14,1520.22,1521.77,1533.01,1498.64,1523.87,1518.37,1524.42,1586.71
2025-07-05,1530.18,1614.37,1529.87,1533.73,1539.79,1534.74,1530.12,1515.7,1526.51,1518.55,1520.04,1521.92,1532.96,1498.2,1523.03,1517.97,1523.74,1586.75
2025-07-06,1530.0,1614.29,1529.72,1533.57,1539.61,1534.03,1530.49,1515.81,1526.21,1518.46,1519.97,1522.45,1532.58,1497.52,1522.22,1517.86,1522.81,1586.29
2025-07-07,1530.69,1620.34,1530.47,1533.32,1539.96,1534.29,1530.73,1516.33,1527.14,1518.57,1520.49,1523.06,1532.77,1497.52,1523.12,1518.61,1522.96,1586.28
2025-07-08,1530.16,1619.66,1529.4,1532.13,1540.45,1534.26,1530.8,1515.53,1526.63,1518.31,1520.1,1522.97,1531.78,1497.5,1522.13,1517.97,1521.24,1585.71
2025-07-09,1530.27,1619.82,1529.81,1531.69,1540.82,1534.35,1530.66,1515.77,1526.8,1518.45,1520.13,1521.8,1530.39,1498.44,1521.98,1518.37,1519.22,1585.88
2025-07-10,1530.3,1618.39,1530.08,1531.59,1541.45,1534.31,1530.95,1515.22,1527.49,1518.82,1519.53,1523.54,1531.81,1498.15,1521.92,1517.1,1518.78,1585.79
2025-07-11,1530.35,1618.35,1530.24,1531.35,1541.55,1534.44,1531.31,1515.35,1527.6,1518.36,1519.65,1522.58,1531.8,1497.81,1522.16,1518.16,1517.28,1585.79
2025-07-12,1530.29,1612.94,1529.95,1531.52,1542.59,1534.19,1531.58,1515.36,1528.18,1518.67,1520.01,1523.97,1531.91,1497.8,1522.28,1518.94,1517.29,1585.53
2025-07-13,1530.13,1612.73,1529.56,1531.81,1542.58,1533.45,1531.53,1515.61,1527.89,1518.79,1519.97,1524.12,1531.99,1497.21,1521.97,1518.92,1516.86,1585.58
2025-07-14,1531.2,1618.93,1531.04,1532.99,1543.4,1534.82,1531.86,1517.12,1528.52,1519.06,1520.61,1525.2,1532.12,1498.01,1522.84,1519.27,1516.54,1585.67
2025-07-15,1531.16,1618.66,1530.99,1532.41,1543.95,1534.7,1531.93,1517.15,1529.05,1518.55,1520.85,1524.43,1531.26,1498.05,1521.88,1518.85,1517.19,1585.67
2025-07-16,1531.18,1619.05,1531.1,1531.82,1544.69,1535.13,1531.77,1516.78,1529.63,1518.59,1520.49,1523.83,1531.26,1497.98,1521.37,1519.68,1516.1,1585.18
2025-07-17,1530.93,1618.44,1530.87,1531.53,1544.6,1534.75,1531.72,1516.89,1529.44,1518.51,1520.09,1523.59,1530.9,1497.27,1519.82,1519.35,1516.29,1585.18
2025-07-18,1531.05,1618.67,1530.82,1532.54,1544.65,1534.87,1531.98,1516.73,1529.97,1518.78,1520.43,1523.05,1531.47,1497.32,1519.29,1519.5,1515.54,1585.07
2025-07-19,1530.62,1613.6,1529.97,1532.36,1545.04,1535.24,1531.98,1516.71,1529.9,1518.32,1520.07,1524.41,1532.14,1497.6,1518.63,1519.31,1515.35,1584.79
2025-07-20,1530.63,1614.0,1529.92,1532.71,1545.27,1534.86,1532.12,1516.95,1529.87,1518.4,1520.23,1522.78,1531.07,1497.01,1518.47,1519.85,1515.3,1584.9
2025-07-21,1531.53,1619.7,1531.23,1533.68,1545.7,1535.81,1532.66,1517.56,1530.36,1518.78,1520.63,1523.25,1531.05,1497.44,1518.75,1520.14,1516.55,1584.95
2025-07-22,1531.79,1619.79,1531.35,1534.3,1545.8,1535.84,1533.59,1517.64,1530.44,1519.17,1521.18,1523.1,1530.7,1497.55,1519.72,1520.57,1516.16,1584.23
2025-07-23,1532.22,1620.41,1531.94,1534.97,1547.1,1535.91,1533.41,1518.35,1531.33,1519.35,1521.6,1524.75,1532.33,1497.99,1520.37,1521.28,1516.07,1580.42
2025-07-24,1532.54,1620.28,1532.36,1535.01,1547.49,1536.62,1533.59,1518.77,1531.65,1519.86,1522.23,1524.44,1532.7,1497.63,1520.01,1521.59,1516.79,1579.21
2025-07-25,1533.11,1619.99,1532.87,1535.11,1547.87,1536.91,1534.44,1519.38,1532.48,1520.46,1522.92,1524.75,1533.16,1498.48,1520.57,1523.78,1517.33,1579.0
2025-07-26,1532.93,1614.5,1532.09,1534.08,1548.31,1537.12,1534.89,1519.89,1533.3,1520.8,1522.86,1524.95,1533.8,1498.74,1521.05,1524.22,1516.71,1578.56
2025-07-27,1532.93,1614.5,1532.51,1533.96,1548.39,1536.71,1534.81,1519.8,1533.5,1520.85,1522.27,1524.95,1534.31,1498.83,1519.88,1524.34,1516.56,1578.61
2025-07-28,1533.96,1620.9,1533.69,1534.49,1549.18,1537.54,1535.32,1520.43,1534.49,1521.5,1523.36,1525.58,1534.76,1499.36,1520.83,1525.17,1517.05,1578.64
2025-07-29,1534.22,1620.9,1534.21,1534.16,1549.01,1538.19,1535.71,1520.76,1534.33,1521.87,1523.67,1525.2,1534.73,1499.81,1520.74,1524.41,1517.85,1578.59
2025-07-30,1534.7,1620.81,1534.26,1536.04,1549.57,1538.04,1536.45,1522.53,1535.33,1522.12,1523.88,1525.05,1533.94,1500.33,1522.77,1524.13,1518.14,1578.54
2025-07-31,1535.14,1620.97,1534.94,1535.8,1549.85,1538.55,1537.12,1522.92,1535.63,1522.65,1524.5,1525.67,1534.11,1500.88,1522.54,1525.56,1516.94,1578.43
2025-08-01,1536.1,1621.06,1535.41,1536.22,1550.52,1539.58,1538.05,1524.46,1537.64,1523.35,1525.88,1526.47,1535.72,1501.38,1524.81,1526.01,1517.92,1579.11
2025-08-02,1536.79,1618.75,1535.67,1537.48,1551.94,1540.84,1538.89,1524.93,1538.59,1523.82,1526.7,1527.11,1537.6,1502.33,1527.53,1526.36,1518.42,1581.57
2025-08-03,1537.03,1619.73,1535.87,1537.91,1552.16,1540.39,1539.07,1525.44,1538.81,1523.98,1526.77,1527.67,1537.19,1502.47,1528.04,1526.11,1518.15,1584.07
2025-08-04,1537.82,1624.81,1536.99,1537.92,1552.64,1541.42,1539.13,1526.45,1539.34,1523.91,1527.39,1528.77,1538.02,1502.57,1528.73,1526.29,1518.52,1585.35
2025-08-05,1538.59,1625.1,1537.79,1538.7,1552.56,1542.66,1540.1,1527.11,1540.42,1524.85,1528.39,1527.42,1538.04,1502.8,1530.06,1526.91,1519.07,1586.48
2025-08-06,1538.92,1623.7,1538.05,1538.31,1553.11,1543.46,1540.86,1527.84,1540.62,1525.2,1528.76,1529.38,1537.74,1502.9,1530.1,1527.1,1519.85,1588.01
2025-08-07,1539.01,1623.03,1537.58,1537.28,1553.72,1543.72,1541.28,1528.33,1541.39,1525.43,1529.21,1529.89,1537.26,1503.13,1530.05,1527.2,1519.17,1588.12
2025-08-08,1539.16,1622.15,1537.34,1537.52,1554.14,1543.79,1541.69,1528.67,1541.88,1525.67,1529.61,1531.27,1536.64,1503.41,1530.85,1527.32,1518.92,1588.62
2025-08-09,1538.53,1616.17,1536.67,1535.78,1554.17,1543.26,1541.4,1528.5,1541.71,1525.4,1529.3,1530.02,1535.98,1503.6,1530.59,1526.69,1517.59,1589.35
2025-08-10,1538.38,1617.0,1536.42,1535.54,1554.18,1542.94,1541.49,1528.22,1541.99,1525.11,1529.12,1531.28,1535.07,1503.25,1530.6,1526.26,1516.87,1590.43
2025-08-11,1538.84,1621.49,1536.66,1535.29,1554.33,1544.06,1542.05,1528.56,1541.98,1525.57,1528.77,1531.91,1535.27,1503.24,1530.88,1526.02,1517.96,1589.27
2025-08-12,1538.35,1619.26,1535.91,1531.6,1554.6,1543.32,1542.16,1528.02,1542.29,1525.57,1528.47,1531.52,1534.33,1503.2,1530.79,1525.73,1516.19,1589.81
2025-08-13,1537.97,1618.7,1535.12,1531.84,1553.99,1543.35,1541.23,1528.37,1542.33,1525.31,1528.36,1531.36,1533.65,1502.76,1529.83,1525.01,1516.9,1589.5
2025-08-14,1537.71,1617.94,1534.95,1530.83,1554.04,1543.26,1541.31,1527.9,1542.14,1524.86,1528.12,1530.73,1533.31,1501.88,1529.93,1525.01,1515.45,1589.78
2025-08-15,1537.02,1616.31,1533.63,1530.49,1554.1,1542.58,1540.7,1527.24,1542.0,1524.61,1528.0,1530.48,1531.58,1501.48,1528.73,1523.67,1514.9,1589.73
2025-08-16,1536.56,1611.35,1532.98,1529.48,1553.74,1541.71,1540.88,1527.34,1541.39,1524.68,1527.48,1529.94,1531.47,1501.26,1529.67,1524.62,1514.07,1589.68
2025-08-17,1536.31,1611.1,1532.55,1530.32,1553.94,1541.41,1540.56,1526.85,1541.19,1524.65,1527.15,1529.86,1529.96,1501.31,1529.02,1524.57,1513.73,1589.58
2025-08-18,1536.51,1615.21,1532.86,1530.49,1553.39,1541.85,1540.34,1527.3,1541.1,1524.34,1527.41,1530.17,1529.47,1501.16,1528.92,1524.59,1514.26,1589.89
2025-08-19,1535.72,1614.27,1531.48,1528.81,1552.76,1541.47,1540.09,1526.63,1540.16,1523.24,1527.72,1528.72,1528.99,1499.96,1528.98,1522.81,1513.3,1589.62
2025-08-20,1535.2,1613.74,1530.43,1528.75,1552.25,1541.46,1539.39,1526.76,1540.47,1522.94,1526.53,1527.94,1527.45,1498.3,1529.39,1522.42,1514.11,1588.85
2025-08-21,1534.26,1612.01,1528.7,1526.89,1551.96,1540.59,1538.37,1526.0,1540.0,1522.51,1525.91,1527.92,1525.81,1498.01,1529.24,1521.16,1515.12,1586.83
2025-08-22,1533.78,1610.33,1527.95,1525.74,1551.91,1540.3,1538.46,1525.89,1539.84,1521.9,1525.76,1527.22,1524.81,1497.82,1528.25,1521.19,1513.76,1585.82
2025-08-23,1532.91,1605.14,1526.74,1524.39,1551.77,1539.0,1537.91,1525.8,1539.44,1521.4,1525.39,1527.2,1523.86,1497.47,1527.01,1520.66,1513.52,1585.23
2025-08-24,1532.48,1604.19,1526.16,1523.2,1551.26,1538.02,1537.81,1525.5,1539.36,1521.08,1525.01,1527.02,1523.44,1497.63,1527.06,1520.37,1513.21,1584.69
2025-08-25,1533.22,1609.79,1526.96,1524.13,1551.33,1538.56,1538.01,1525.92,1539.27,1521.71,1525.43,1527.45,1524.15,1498.36,1527.26,1520.84,1516.82,1584.41
2025-08-26,1532.9,1609.69,1526.91,1524.79,1551.18,1538.04,1537.31,1525.02,1539.38,1521.5,1525.35,1525.97,1522.82,1496.26,1526.75,1520.24,1516.49,1583.89
2025-08-27,1532.51,1608.68,1526.45,1525.41,1551.18,1537.94,1537.44,1524.83,1538.98,1520.57,1524.51,1527.11,1522.45,1496.87,1524.74,1520.06,1516.63,1583.26
2025-08-28,1532.22,1608.43,1525.73,1525.69,1551.06,1537.83,1536.81,1525.18,1538.35,1520.69,1524.62,1526.67,1522.33,1496.84,1524.06,1519.03,1517.03,1582.54
2025-08-29,1532.12,1607.75,1525.61,1526.72,1550.46,1537.39,1536.99,1524.7,1538.73,1520.7,1524.63,1526.41,1521.79,1496.75,1524.36,1518.62,1516.73,1582.78
2025-08-30,1531.24,1602.11,1524.12,1524.92,1550.7,1536.89,1536.55,1524.2,1538.23,1520.55,1524.1,1525.31,1522.26,1496.24,1522.78,1519.17,1515.52,1582.48
2025-08-31,1530.96,1603.22,1524.13,1523.79,1550.6,1535.92,1536.07,1523.99,1537.9,1520.34,1523.47,1525.27,1521.3,1495.81,1522.79,1518.63,1515.14,1582.32
2025-09-01,1531.35,1607.06,1524.37,1524.46,1550.16,1537.03,1536.02,1524.09,1538.19,1520.68,1523.84,1524.95,1521.27,1496.14,1522.89,1519.09,1515.03,1582.78
2025-09-02,1530.96,1605.31,1523.83,1524.76,1549.77,1537.04,1535.87,1523.78,1537.36,1520.23,1523.57,1525.42,1521.8,1495.53,1522.63,1518.4,1515.65,1582.94
2025-09-03,1530.57,1605.2,1523.43,1524.29,1549.38,1536.68,1535.74,1523.57,1537.4,1519.92,1522.98,1524.33,1520.41,1495.2,1521.54,1517.88,1514.65,1581.95
2025-09-04,1530.43,1604.5,1522.86,1521.69,1549.75,1537.18,1535.49,1523.76,1537.68,1519.83,1522.8,1523.78,1520.63,1495.97,1521.58,1518.05,1514.46,1582.52
2025-09-05,1530.27,1603.18,1522.65,1522.69,1549.89,1536.64,1535.49,1523.67,1537.56,1519.69,1522.6,1524.7,1520.91,1495.15,1521.31,1518.09,1514.5,1582.93
2025-09-06,1529.75,1600.09,1521.65,1521.74,1549.75,1536.95,1535.35,1523.61,1536.94,1519.58,1522.0,1523.68,1520.38,1495.04,1520.75,1517.69,1514.08,1583.81
2025-09-07,1529.52,1600.18,1521.32,1521.82,1549.75,1536.31,1535.38,1523.25,1536.55,1519.52,1521.59,1523.68,1520.26,1494.6,1520.2,1517.67,1514.07,1584.71
2025-09-08,1530.07,1604.19,1522.36,1523.67,1549.51,1536.93,1535.33,1523.53,1536.55,1519.48,1522.06,1524.56,1519.62,1494.78,1520.59,1518.52,1514.53,1584.66
2025-09-09,1530.42,1605.29,1522.98,1523.18,1550.24,1537.14,1535.45,1523.55,1536.67,1519.58,1522.17,1523.92,1519.62,1495.15,1520.46,1518.47,1513.49,1590.16
2025-09-10,1530.5,1605.18,1522.9,1522.81,1549.63,1537.02,1535.19,1523.46,1537.39,1519.83,1522.69,1523.84,1520.65,1494.35,1519.8,1519.35,1513.2,1593.51
2025-09-11,1530.36,1604.4,1522.83,1522.9,1550.02,1536.96,1534.71,1523.62,1537.17,1519.61,1522.7,1524.08,1519.59,1494.19,1519.46,1519.07,1513.08,1594.13
2025-09-12,1530.29,1604.2,1522.73,1522.46,1549.93,1536.88,1534.9,1523.51,1536.74,1519.73,1522.56,1523.47,1520.02,1494.33,1519.44,1519.34,1512.44,1594.19
2025-09-13,1529.72,1600.79,1521.77,1520.93,1549.81,1536.65,1534.86,1522.82,1536.73,1519.28,1522.6,1524.09,1519.48,1494.2,1518.62,1518.91,1511.59,1594.06
2025-09-14,1529.51,1599.8,1521.77,1521.71,1549.91,1536.18,1534.51,1522.86,1536.33,1519.12,1522.16,1523.78,1518.53,1493.73,1518.33,1518.78,1511.76,1594.26
2025-09-15,1530.23,1603.37,1522.9,1523.06,1550.12,1537.45,1534.63,1523.43,1536.42,1519.8,1522.24,1523.94,1519.24,1493.75,1518.8,1520.02,1513.0,1594.14
2025-09-16,1530.0,1602.89,1522.81,1523.2,1549.86,1537.29,1534.54,1523.26,1536.31,1518.74,1522.54,1523.73,1520.73,1493.99,1518.74,1519.01,1511.85,1591.06
2025-09-17,1530.15,1602.75,1522.78,1523.53,1549.76,1536.62,1534.86,1523.89,1537.0,1519.51,1522.85,1523.13,1520.65,1494.3,1518.86,1521.2,1512.01,1585.27
2025-09-18,1530.55,1604.35,1523.37,1525.55,1550.67,1537.21,1534.99,1524.28,1535.98,1520.03,1522.91,1522.88,1521.26,1494.62,1520.34,1521.04,1512.56,1583.22
2025-09-19,1530.81,1605.22,1523.81,1527.01,1550.62,1537.24,1535.07,1524.14,1536.29,1519.96,1523.84,1523.17,1521.11,1494.95,1519.18,1521.78,1512.6,1583.24
2025-09-20,1530.41,1602.29,1522.86,1526.24,1550.98,1536.9,1535.24,1523.97,1536.21,1519.57,1523.79,1523.17,1521.1,1494.78,1520.05,1521.21,1511.95,1582.63
2025-09-21,1530.3,1601.9,1522.89,1526.14,1551.21,1536.12,1535.47,1523.99,1535.85,1519.58,1523.78,1523.25,1520.77,1494.98,1518.92,1520.27,1512.02,1582.52
2025-09-22,1531.15,1607.24,1524.1,1527.74,1551.33,1537.42,1535.48,1524.59,1536.27,1520.18,1524.22,1524.19,1520.62,1495.57,1519.57,1521.02,1512.17,1582.47
2025-09-23,1530.99,1607.37,1524.21,1527.98,1551.63,1537.04,1535.13,1524.34,1535.66,1520.08,1524.36,1523.02,1520.12,1495.12,1517.7,1521.11,1512.45,1582.27
2025-09-24,1531.04,1606.41,1524.55,1528.14,1551.47,1536.95,1534.93,1524.4,1536.29,1519.68,1524.37,1522.52,1519.87,1495.22,1518.9,1521.2,1512.54,1582.13
2025-09-25,1531.09,1605.9,1524.47,1529.72,1551.54,1536.91,1535.14,1524.49,1536.52,1519.74,1524.49,1524.02,1520.0,1495.63,1518.02,1521.83,1512.08,1581.0
2025-09-26,1531.43,1606.04,1524.99,1529.46,1551.46,1537.21,1535.69,1524.85,1536.98,1520.08,1524.53,1522.8,1520.0,1496.16,1518.54,1522.92,1512.66,1581.06
2025-09-27,1531.44,1602.41,1525.25,1528.02,1551.91,1537.53,1535.81,1524.92,1537.28,1520.38,1524.42,1522.95,1521.37,1497.06,1518.26,1523.21,1512.43,1580.88
2025-09-28,1531.25,1603.0,1524.89,1527.7,1551.17,1536.74,1536.15,1524.65,1537.19,1520.31,1524.26,1523.19,1520.97,1496.87,1517.91,1522.73,1512.72,1580.75
2025-09-29,1532.31,1608.0,1526.61,1528.18,1551.75,1538.22,1536.44,1525.64,1537.61,1520.83,1525.02,1523.97,1521.68,1497.47,1519.1,1522.69,1513.68,1580.8
2025-09-30,1533.02,1608.32,1526.99,1529.41,1551.97,1538.38,1536.7,1525.58,1538.25,1521.63,1525.45,1525.34,1523.66,1498.3,1519.68,1523.33,1514.1,1593.93
2025-10-01,1533.29,1608.43,1527.04,1529.7,1552.2,1538.47,1536.84,1525.95,1538.3,1520.7,1525.44,1527.8,1524.84,1498.67,1520.27,1523.51,1513.14,1606.36
2025-10-02,1534.16,1608.28,1527.98,1529.87,1552.96,1538.87,1537.43,1527.23,1539.45,1522.06,1525.77,1527.59,1525.58,1499.8,1520.53,1524.92,1513.12,1611.78
2025-10-03,1534.89,1608.56,1528.55,1531.22,1553.09,1540.29,1538.39,1527.37,1540.3,1523.45,1526.19,1526.94,1528.09,1501.52,1521.01,1523.69,1513.77,1611.88
2025-10-04,1535.04,1605.17,1528.51,1532.3,1553.49,1540.4,1538.78,1527.62,1540.78,1524.11,1525.91,1527.1,1529.37,1501.75,1521.0,1524.69,1514.04,1612.45
2025-10-05,1535.28,1604.95,1528.81,1532.68,1553.48,1540.24,1538.98,1527.92,1541.14,1525.03,1525.89,1527.1,1529.73,1502.11,1520.83,1524.33,1514.6,1612.98
2025-10-06,1535.85,1610.29,1529.51,1532.49,1553.79,1540.64,1539.14,1528.33,1541.45,1525.17,1526.3,1527.25,1529.96,1502.68,1521.23,1524.57,1514.74,1612.98
2025-10-07,1536.0,1610.32,1529.75,1533.01,1553.56,1540.67,1539.54,1528.19,1541.14,1525.39,1526.67,1528.37,1529.02,1503.06,1520.92,1524.51,1515.36,1613.37
2025-10-08,1535.79,1610.75,1529.6,1531.85,1554.25,1540.11,1539.31,1528.03,1540.92,1525.26,1526.61,1527.82,1528.42,1503.06,1521.13,1524.62,1513.66,1613.86
2025-10-09,1535.36,1610.17,1529.01,1531.93,1553.78,1539.52,1539.0,1528.32,1540.69,1524.7,1526.13,1527.17,1529.02,1503.25,1521.11,1523.89,1511.9,1612.07
2025-10-10,1535.83,1608.88,1529.36,1531.08,1554.11,1541.31,1539.3,1528.31,1540.74,1524.69,1526.91,1527.64,1529.76,1503.41,1522.2,1523.54,1515.99,1612.61
2025-10-11,1535.71,1605.59,1528.9,1531.47,1554.2,1541.15,1539.53,1528.46,1541.57,1525.95,1526.96,1526.78,1529.35,1502.9,1520.97,1524.08,1514.41,1612.84
2025-10-12,1535.53,1605.3,1528.91,1530.86,1554.21,1540.68,1539.31,1528.06,1541.26,1525.93,1526.61,1526.68,1528.44,1502.9,1520.44,1524.12,1515.03,1612.87
2025-10-13,1536.17,1610.08,1529.87,1532.05,1554.15,1541.27,1539.48,1528.77,1541.51,1525.92,1526.84,1526.52,1529.33,1503.58,1520.28,1524.45,1516.2,1612.99
2025-10-14,1536.08,1610.11,1529.66,1531.54,1554.22,1541.2,1539.81,1528.8,1541.72,1526.01,1526.27,1526.52,1529.11,1503.54,1519.69,1524.7,1516.21,1612.84
2025-10-15,1535.81,1608.98,1529.11,1530.67,1553.78,1540.77,1539.59,1528.39,1542.3,1526.1,1526.42,1526.48,1529.08,1503.03,1518.82,1523.85,1516.77,1612.48
2025-10-16,1535.44,1608.9,1528.62,1530.2,1553.47,1540.96,1539.66,1527.48,1542.41,1525.77,1525.73,1526.32,1528.41,1502.63,1517.51,1524.61,1515.26,1612.65
2025-10-17,1535.43,1608.38,1528.36,1529.95,1553.75,1540.84,1539.95,1527.86,1542.23,1526.12,1526.01,1525.8,1526.31,1502.16,1518.16,1523.97,1515.97,1612.63
2025-10-18,1534.54,1603.96,1526.85,1529.42,1553.38,1539.88,1539.46,1527.42,1541.54,1525.42,1525.7,1525.33,1527.52,1502.31,1516.62,1524.05,1514.4,1612.42
2025-10-19,1534.32,1603.79,1526.73,1528.58,1553.35,1539.16,1539.46,1526.96,1541.41,1525.29,1525.7,1525.02,1527.56,1501.73,1516.15,1523.69,1513.51,1612.32
2025-10-20,1535.0,1609.26,1527.77,1529.53,1553.54,1539.99,1539.7,1527.53,1542.4,1525.5,1525.57,1525.33,1527.99,1502.24,1515.28,1523.13,1514.91,1612.32
2025-10-21,1534.72,1608.4,1527.8,1529.32,1553.25,1539.41,1539.7,1527.32,1542.23,1525.11,1524.86,1525.09,1527.29,1501.48,1515.11,1522.71,1514.36,1612.37
2025-10-22,1534.75,1607.87,1527.96,1530.26,1553.3,1540.12,1539.59,1527.63,1542.38,1525.07,1523.91,1525.17,1527.19,1501.39,1515.34,1523.03,1514.32,1612.24
2025-10-23,1534.9,1607.58,1528.08,1530.49,1553.64,1540.28,1540.04,1527.53,1542.25,1525.3,1524.2,1525.02,1527.41,1502.05,1514.91,1523.76,1514.24,1612.32
2025-10-24,1535.38,1607.55,1528.81,1532.33,1553.74,1540.03,1540.83,1527.82,1542.49,1525.92,1524.12,1526.61,1528.78,1503.32,1515.04,1524.41,1515.14,1612.24
2025-10-25,1536.28,1606.57,1530.03,1535.39,1555.21,1540.51,1541.59,1528.45,1543.89,1526.72,1524.15,1526.62,1529.04,1504.86,1516.31,1526.78,1515.29,1612.53
2025-10-26,1536.81,1607.42,1530.87,1536.62,1555.92,1540.34,1541.72,1528.88,1544.64,1527.1,1524.24,1526.9,1531.36,1505.58,1516.49,1526.66,1516.93,1612.41
2025-10-27,1538.96,1614.99,1533.67,1539.94,1557.15,1542.63,1543.05,1531.31,1545.4,1528.67,1525.55,1528.27,1533.68,1507.98,1518.3,1527.97,1519.98,1612.32
2025-10-28,1541.25,1619.47,1536.63,1543.65,1558.17,1544.55,1544.87,1532.65,1546.24,1530.98,1527.45,1529.29,1535.9,1512.74,1521.77,1530.44,1523.5,1612.52
2025-10-29,1543.48,1622.38,1539.52,1546.36,1559.27,1546.31,1546.42,1535.85,1547.56,1532.87,1529.06,1533.81,1536.68,1515.23,1524.33,1534.22,1530.0,1612.44
2025-10-30,1546.07,1627.56,1542.39,1548.78,1560.29,1548.56,1548.11,1537.62,1549.76,1534.68,1530.91,1537.05,1542.57,1517.41,1525.96,1538.08,1535.91,1624.2
2025-10-31,1549.13,1631.46,1545.8,1552.85,1562.1,1551.53,1550.1,1540.69,1551.69,1537.07,1534.06,1540.55,1548.35,1520.75,1530.67,1541.37,1539.59,1630.33
2025-11-01,1556.24,1643.67,1554.12,1561.68,1568.09,1559.08,1556.17,1547.72,1558.46,1542.95,1539.89,1546.36,1558.48,1528.37,1537.84,1546.79,1545.17,1632.56
2025-11-02,1559.32,1646.95,1558.42,1565.72,1570.89,1562.07,1559.22,1550.49,1560.86,1545.87,1542.32,1547.33,1563.54,1531.09,1539.81,1548.77,1546.81,1633.72
2025-11-03,1563.06,1650.65,1563.1,1568.37,1573.31,1565.75,1562.81,1555.23,1565.05,1548.98,1546.09,1551.86,1568.25,1533.8,1542.07,1551.83,1550.73,1635.06
2025-11-04,1567.42,1654.45,1567.85,1571.6,1576.38,1569.3,1567.59,1559.5,1569.16,1551.79,1549.49,1557.47,1573.11,1536.14,1546.65,1555.76,1558.13,1656.99
2025-11-05,1572.03,1657.88,1573.09,1577.09,1581.36,1572.83,1572.13,1564.33,1573.17,1555.52,1553.71,1562.64,1578.48,1538.4,1550.11,1560.4,1565.73,1668.36
2025-11-06,1575.7,1661.13,1577.21,1582.59,1586.13,1577.1,1577.18,1567.84,1575.21,1558.47,1557.31,1565.83,1582.46,1541.58,1552.44,1563.06,1570.23,1668.68
2025-11-07,1579.33,1663.11,1581.1,1584.74,1591.3,1581.23,1580.95,1571.34,1578.76,1562.08,1560.7,1568.84,1589.06,1544.56,1555.92,1566.35,1573.11,1669.68
2025-11-08,1583.47,1662.57,1585.38,1588.42,1595.77,1587.02,1585.33,1575.59,1581.5,1566.59,1564.36,1580.09,1596.52,1550.06,1558.66,1570.98,1577.84,1672.96
2025-11-09,1585.85,1663.57,1587.75,1589.28,1598.26,1589.63,1587.8,1577.9,1583.23,1569.59,1566.93,1581.55,1599.83,1553.15,1563.67,1572.65,1579.76,1674.06
2025-11-10,1589.98,1670.8,1592.58,1593.67,1601.32,1593.43,1591.75,1581.73,1586.23,1573.48,1570.98,1584.22,1602.61,1558.69,1569.01,1576.76,1582.17,1674.72
2025-11-11,1596.47,1674.56,1599.86,1605.91,1606.1,1600.48,1596.96,1586.39,1594.16,1579.82,1576.22,1592.63,1608.95,1567.69,1577.51,1584.97,1586.59,1678.81
2025-11-12,1603.15,1676.66,1607.71,1618.28,1611.1,1607.77,1603.31,1591.9,1600.18,1587.76,1582.9,1598.67,1614.22,1576.49,1583.08,1592.36,1589.74,1680.15
2025-11-13,1609.87,1682.55,1614.18,1624.47,1617.84,1614.05,1609.18,1598.81,1607.28,1595.9,1590.18,1605.43,1620.16,1584.78,1590.11,1599.2,1597.2,1681.45
2025-11-14,1616.3,1689.27,1620.32,1631.31,1625.0,1619.26,1615.33,1603.04,1613.6,1602.8,1597.21,1615.15,1625.99,1593.17,1597.22,1608.77,1607.73,1683.77
2025-11-15,1622.32,1692.47,1625.93,1636.34,1631.34,1624.16,1620.92,1607.52,1619.53,1609.86,1603.07,1623.02,1631.45,1598.21,1602.47,1617.37,1615.49,1705.75
2025-11-16,1625.7,1695.43,1629.1,1639.75,1635.1,1626.79,1623.94,1610.21,1622.56,1613.16,1607.62,1627.2,1633.24,1601.42,1604.18,1619.95,1621.18,1717.03
2025-11-17,1630.35,1703.75,1633.69,1642.01,1638.41,1631.18,1628.99,1614.44,1626.86,1617.16,1613.13,1630.58,1636.93,1606.79,1609.71,1624.58,1627.58,1720.17
2025-11-18,1636.13,1709.75,1639.06,1645.8,1644.53,1636.74,1635.43,1619.97,1632.53,1622.96,1619.08,1636.28,1642.6,1613.01,1616.08,1630.18,1636.87,1725.27
2025-11-19,1640.9,1712.09,1643.73,1647.84,1648.02,1642.47,1640.07,1624.84,1637.91,1628.46,1624.96,1641.11,1645.74,1619.16,1621.97,1634.2,1641.01,1728.11
2025-11-20,1645.63,1716.91,1648.13,1650.39,1653.88,1646.68,1643.98,1629.71,1642.45,1634.57,1630.73,1644.82,1649.15,1624.69,1629.38,1636.9,1644.0,1729.12
2025-11-21,1650.82,1721.63,1653.07,1652.24,1660.84,1651.16,1648.81,1634.02,1648.61,1641.4,1636.59,1648.86,1656.06,1629.88,1634.52,1642.76,1646.29,1729.63
2025-11-22,1654.43,1722.84,1657.01,1654.63,1666.17,1654.18,1652.51,1636.94,1653.36,1645.69,1640.59,1652.77,1659.39,1634.14,1637.84,1643.79,1648.03,1729.97
2025-11-23,1656.14,1724.17,1658.33,1656.46,1668.94,1655.96,1654.42,1637.91,1655.67,1648.03,1642.49,1655.34,1659.98,1636.11,1639.74,1645.21,1648.3,1730.81
2025-11-24,1658.95,1729.69,1661.25,1658.08,1671.6,1657.94,1657.28,1640.96,1658.64,1651.07,1645.97,1658.15,1662.5,1638.11,1641.68,1647.24,1649.44,1730.59
2025-11-25,1661.14,1731.02,1663.38,1657.73,1674.75,1658.85,1660.07,1642.77,1661.29,1654.11,1648.93,1660.86,1661.0,1641.11,1643.74,1649.61,1649.82,1731.77
2025-11-26,1662.21,1728.61,1663.71,1658.33,1676.55,1659.97,1660.88,1645.32,1662.94,1656.64,1650.95,1661.25,1662.61,1642.22,1643.26,1649.25,1648.84,1732.74
2025-11-27,1662.62,1728.55,1663.51,1657.19,1677.99,1660.51,1661.13,1646.34,1664.09,1657.9,1651.54,1662.27,1662.0,1642.65,1643.55,1648.78,1648.13,1732.79
2025-11-28,1663.07,1728.55,1663.09,1657.15,1679.34,1661.0,1662.19,1646.48,1665.74,1658.59,1652.08,1662.25,1660.96,1642.69,1644.9,1649.8,1648.57,1733.32
2025-11-29,1662.97,1722.28,1662.46,1657.54,1680.24,1660.97,1663.1,1646.92,1666.74,1658.66,1652.32,1661.94,1660.53,1642.83,1645.07,1649.2,1648.15,1734.08
2025-11-30,1662.92,1722.7,1662.36,1658.12,1680.53,1660.79,1663.02,1646.09,1666.84,1658.52,1652.34,1661.48,1660.58,1642.52,1645.46,1649.53,1647.79,1735.77
2025-12-01,1663.41,1727.47,1662.17,1658.06,1680.64,1661.28,1663.59,1648.0,1667.38,1659.07,1652.6,1661.8,1660.82,1642.48,1645.01,1649.12,1647.99,1734.16
2025-12-02,1663.19,1726.99,1661.44,1656.94,1680.64,1661.06,1663.95,1648.22,1667.75,1659.21,1652.36,1661.02,1660.14,1640.99,1644.68,1649.67,1647.81,1734.19
2025-12-03,1662.83,1725.77,1660.72,1656.16,1681.04,1661.11,1664.37,1648.56,1667.79,1658.95,1651.77,1660.47,1659.08,1639.98,1642.42,1648.13,1647.87,1734.32
2025-12-04,1662.63,1725.47,1660.03,1656.05,1680.78,1660.65,1664.48,1648.67,1668.44,1658.68,1651.82,1660.16,1658.01,1639.49,1641.97,1649.92,1646.97,1734.42
2025-12-05,1662.32,1725.19,1659.68,1655.23,1681.01,1659.77,1664.53,1648.66,1668.26,1658.42,1651.39,1659.13,1657.2,1638.42,1641.8,1648.5,1647.35,1734.46
2025-12-06,1661.81,1720.64,1658.89,1654.44,1681.17,1660.38,1664.07,1648.48,1668.64,1657.85,1651.02,1658.11,1656.85,1637.85,1641.74,1648.25,1646.12,1734.08
2025-12-07,1661.5,1720.51,1658.55,1653.86,1680.75,1659.92,1664.17,1648.23,1668.5,1657.81,1650.58,1657.95,1655.0,1637.76,1640.89,1647.35,1645.5,1734.19
2025-12-08,1661.61,1725.16,1658.1,1653.41,1680.61,1659.33,1663.97,1648.72,1668.52,1657.71,1650.92,1656.83,1656.43,1637.35,1641.19,1647.61,1646.17,1734.09
2025-12-09,1660.94,1724.55,1657.09,1653.04,1680.34,1658.64,1663.47,1647.52,1667.98,1656.85,1650.34,1656.75,1655.91,1637.2,1641.98,1646.65,1644.96,1734.14
2025-12-10,1660.05,1723.24,1655.59,1652.18,1679.79,1657.78,1662.72,1647.51,1667.72,1655.95,1649.95,1655.28,1654.43,1635.18,1640.28,1644.91,1645.73,1734.08
2025-12-11,1658.92,1722.39,1654.11,1651.26,1678.69,1656.49,1661.26,1646.22,1667.53,1654.79,1649.22,1653.72,1653.16,1633.22,1639.8,1643.82,1644.52,1733.72
2025-12-12,1657.62,1720.46,1652.35,1649.62,1677.75,1655.82,1659.88,1645.27,1666.33,1653.56,1648.39,1653.17,1651.24,1631.33,1637.92,1642.36,1643.47,1733.9
2025-12-13,1656.26,1714.77,1650.53,1648.27,1676.8,1654.59,1658.9,1644.03,1666.19,1652.62,1647.37,1653.28,1649.83,1629.75,1635.89,1641.44,1642.72,1733.77
2025-12-14,1655.63,1714.21,1649.65,1648.7,1676.14,1653.77,1658.34,1643.58,1665.62,1651.86,1646.99,1652.16,1649.14,1629.12,1635.14,1640.74,1641.74,1733.55
2025-12-15,1655.01,1718.48,1648.88,1647.25,1675.72,1652.88,1657.59,1642.79,1664.79,1650.65,1646.64,1650.92,1647.96,1627.36,1634.97,1639.36,1641.28,1733.7
2025-12-16,1653.3,1717.17,1646.38,1646.66,1674.46,1651.56,1655.53,1641.67,1664.27,1648.97,1645.37,1649.22,1644.88,1625.4,1633.56,1637.82,1640.73,1727.09
2025-12-17,1651.26,1715.0,1644.06,1645.84,1674.02,1649.6,1654.24,1640.12,1663.15,1647.82,1643.42,1645.08,1641.71,1623.3,1631.36,1634.66,1639.41,1709.29
2025-12-18,1649.39,1712.61,1641.87,1641.15,1672.11,1648.02,1652.56,1638.41,1661.79,1646.17,1642.39,1644.81,1639.46,1621.49,1629.87,1632.15,1638.9,1705.31
2025-12-19,1647.4,1709.75,1639.72,1639.28,1669.74,1646.1,1650.59,1636.79,1660.32,1644.06,1641.06,1641.58,1636.58,1618.66,1627.25,1630.14,1638.48,1702.93
2025-12-20,1645.59,1705.93,1637.25,1637.56,1669.15,1644.24,1649.31,1634.69,1658.96,1641.91,1639.97,1639.63,1634.83,1616.34,1626.36,1629.18,1637.67,1701.08
2025-12-21,1644.71,1703.13,1636.3,1636.08,1668.14,1643.04,1648.58,1633.52,1659.19,1641.02,1638.83,1639.16,1634.03,1615.51,1625.97,1629.43,1637.07,1701.33
2025-12-22,1643.88,1707.3,1635.3,1634.72,1667.05,1642.26,1646.86,1633.25,1658.54,1639.85,1637.99,1638.84,1632.69,1613.8,1624.29,1627.79,1636.57,1700.91
2025-12-23,1641.74,1705.38,1632.82,1632.57,1664.95,1640.43,1645.25,1630.98,1656.05,1637.68,1636.05,1636.66,1630.98,1611.93,1623.04,1624.8,1634.64,1698.07
2025-12-24,1640.12,1703.11,1631.43,1631.68,1664.34,1638.73,1643.51,1629.52,1655.3,1635.74,1634.58,1635.17,1628.11,1609.87,1620.24,1621.39,1632.74,1694.84
2025-12-25,1638.6,1701.79,1629.46,1630.5,1663.59,1637.37,1642.19,1627.61,1654.31,1634.29,1633.22,1633.3,1625.61,1608.29,1620.09,1618.79,1629.86,1693.58
2025-12-26,1637.9,1700.67,1629.06,1632.18,1663.2,1636.93,1641.02,1626.43,1653.96,1633.4,1632.71,1632.63,1624.22,1606.6,1618.73,1616.56,1629.12,1693.74
2025-12-27,1636.64,1695.09,1628.25,1631.41,1662.67,1635.42,1639.67,1625.15,1652.84,1632.42,1631.29,1631.63,1621.39,1604.84,1617.4,1616.77,1628.69,1693.06
2025-12-28,1636.01,1694.58,1627.41,1631.91,1662.19,1635.11,1639.4,1624.22,1652.35,1631.92,1630.57,1631.73,1618.7,1603.68,1616.51,1615.59,1627.9,1693.35
2025-12-29,1635.24,1698.58,1626.56,1629.63,1660.78,1633.91,1637.98,1623.22,1652.03,1630.57,1629.97,1630.13,1620.25,1602.94,1615.69,1614.08,1627.09,1693.17
2025-12-30,1633.42,1697.26,1623.96,1627.56,1659.4,1632.58,1636.61,1622.3,1650.24,1628.94,1628.23,1628.39,1617.77,1601.08,1613.83,1611.82,1624.38,1691.3
2025-12-31,1631.8,1694.68,1621.89,1627.09,1658.27,1631.5,1634.32,1620.67,1649.34,1627.94,1626.54,1627.05,1616.16,1598.81,1611.34,1610.34,1623.05,1690.65
2026-01-01,1629.88,1693.19,1619.83,1626.35,1656.69,1630.45,1632.55,1619.22,1647.24,1625.52,1624.22,1624.84,1614.09,1596.18,1609.5,1607.83,1620.26,1689.74
2026-01-02,1628.62,1692.22,1618.69,1624.89,1655.85,1628.8,1630.87,1616.8,1646.27,1624.72,1623.0,1621.17,1612.48,1595.72,1608.41,1606.86,1620.23,1686.93
2026-01-03,1626.44,1686.33,1616.28,1623.11,1654.41,1627.58,1629.01,1615.01,1645.58,1622.81,1621.49,1616.81,1611.69,1594.32,1605.61,1605.22,1617.71,1673.85
2026-01-04,1625.45,1685.67,1615.28,1621.66,1653.59,1627.1,1627.32,1613.8,1644.8,1621.6,1620.95,1616.97,1610.81,1593.27,1605.0,1604.37,1617.57,1671.2
2026-01-05,1624.05,1688.66,1613.79,1617.55,1651.56,1626.25,1625.92,1612.33,1643.46,1620.17,1619.01,1615.56,1609.3,1591.27,1604.83,1602.93,1615.65,1668.45
2026-01-06,1620.89,1685.84,1610.36,1611.59,1648.59,1623.92,1622.74,1609.22,1641.35,1617.36,1616.18,1610.72,1606.89,1588.24,1600.35,1599.58,1610.4,1665.66
2026-01-07,1617.5,1681.7,1606.32,1607.75,1646.4,1620.94,1618.96,1607.16,1638.17,1613.98,1612.82,1608.3,1603.96,1584.77,1597.46,1594.26,1607.21,1662.37
2026-01-08,1613.82,1676.35,1602.69,1605.16,1643.9,1617.48,1615.72,1603.85,1634.96,1610.08,1609.11,1606.09,1600.91,1578.56,1593.61,1589.71,1600.8,1659.54
2026-01-09,1610.49,1671.88,1599.22,1603.85,1641.17,1615.12,1612.1,1600.93,1632.06,1606.91,1605.95,1599.7,1595.34,1573.98,1588.05,1587.03,1595.65,1658.18
2026-01-10,1607.8,1665.37,1596.48,1602.56,1638.27,1612.83,1609.53,1598.5,1630.46,1604.0,1604.03,1596.36,1593.43,1570.92,1585.69,1583.94,1591.85,1653.63
2026-01-11,1606.48,1664.67,1595.4,1600.38,1636.99,1611.42,1608.46,1597.61,1629.52,1602.67,1602.52,1595.11,1592.46,1569.21,1584.45,1583.28,1590.09,1646.04
2026-01-12,1604.83,1668.52,1593.58,1595.29,1635.35,1609.97,1606.53,1596.59,1627.27,1600.81,1601.08,1593.42,1589.56,1566.37,1582.46,1581.44,1589.31,1643.74
2026-01-13,1601.76,1665.93,1590.95,1587.63,1632.47,1605.98,1604.45,1592.77,1623.92,1597.98,1597.41,1591.75,1587.6,1563.97,1581.56,1577.43,1585.21,1641.61
2026-01-14,1599.31,1662.66,1588.47,1584.41,1630.97,1604.12,1602.46,1589.85,1620.73,1595.57,1594.49,1589.89,1586.28,1562.24,1579.11,1574.27,1583.0,1640.06
2026-01-15,1597.52,1660.85,1586.29,1582.93,1629.91,1602.83,1601.0,1588.26,1618.23,1593.55,1592.85,1589.17,1584.73,1560.79,1576.52,1573.19,1581.35,1638.92
2026-01-16,1595.7,1660.28,1584.76,1583.03,1627.91,1601.22,1598.59,1586.52,1615.62,1591.1,1591.01,1586.3,1583.76,1558.33,1574.79,1570.68,1580.38,1637.78
2026-01-17,1593.73,1655.12,1582.35,1581.96,1626.64,1599.55,1596.96,1585.16,1613.57,1589.56,1589.28,1583.17,1581.59,1557.28,1572.17,1567.92,1578.41,1636.02
2026-01-18,1592.62,1654.24,1582.18,1581.26,1625.9,1598.13,1595.93,1584.3,1612.96,1588.04,1587.73,1582.55,1580.26,1555.63,1570.79,1568.28,1576.59,1623.27
2026-01-19,1591.84,1658.04,1581.75,1579.29,1624.53,1597.68,1595.72,1583.22,1611.2,1586.54,1587.22,1581.9,1579.81,1553.45,1569.97,1567.66,1575.02,1619.93
2026-01-20,1590.12,1658.08,1580.25,1579.17,1622.62,1596.06,1593.49,1581.15,1609.65,1584.94,1585.45,1579.91,1578.47,1551.41,1566.99,1565.73,1574.55,1614.25
2026-01-21,1588.46,1657.14,1579.28,1578.96,1620.61,1594.69,1591.69,1579.27,1607.63,1583.14,1583.06,1578.65,1577.34,1548.93,1564.95,1563.31,1571.65,1612.05
2026-01-22,1587.23,1656.51,1578.32,1578.18,1618.78,1594.14,1590.36,1578.22,1606.29,1580.93,1581.85,1579.13,1576.52,1548.02,1562.7,1562.38,1570.54,1610.5
2026-01-23,1586.4,1655.62,1577.78,1577.12,1618.23,1592.79,1589.36,1577.2,1605.4,1580.17,1581.25,1578.21,1576.1,1547.31,1562.16,1561.33,1568.29,1608.92
2026-01-24,1585.2,1651.52,1576.74,1577.13,1616.82,1591.97,1588.15,1576.57,1603.93,1579.17,1579.97,1579.0,1574.78,1546.76,1560.69,1560.05,1566.59,1608.65
2026-01-25,1584.77,1651.92,1576.52,1576.86,1616.37,1591.95,1587.6,1576.27,1602.83,1578.79,1579.33,1577.98,1573.62,1546.2,1560.45,1559.4,1565.44,1609.09
2026-01-26,1584.65,1655.53,1576.85,1577.2,1615.36,1591.58,1587.73,1575.77,1601.79,1578.07,1579.0,1577.28,1572.76,1545.79,1560.27,1559.74,1564.09,1608.05
2026-01-27,1583.81,1656.29,1575.83,1575.98,1613.92,1590.42,1587.04,1574.81,1601.09,1577.11,1577.69,1578.06,1573.14,1544.94,1559.28,1559.69,1564.68,1607.99
2026-01-28,1582.97,1655.52,1575.27,1575.33,1612.27,1590.94,1586.24,1573.99,1599.72,1575.72,1577.26,1575.84,1572.75,1543.53,1558.6,1558.77,1562.73,1606.24
2026-01-29,1582.35,1654.05,1574.29,1574.49,1612.51,1591.17,1586.01,1573.2,1598.73,1575.22,1576.49,1576.47,1572.86,1542.75,1558.56,1558.26,1560.68,1606.24
2026-01-30,1582.11,1653.37,1574.31,1574.82,1612.02,1591.12,1586.33,1572.79,1598.25,1574.56,1576.22,1576.78,1572.4,1542.71,1558.19,1558.17,1558.92,1605.47
2026-01-31,1581.8,1649.71,1573.72,1574.61,1612.04,1591.41,1586.73,1572.89,1598.18,1574.43,1576.14,1576.27,1571.98,1542.95,1556.73,1557.34,1558.53,1606.11
2026-02-01,1581.72,1649.64,1574.21,1574.12,1611.23,1591.24,1586.66,1572.34,1598.13,1574.11,1575.79,1575.82,1572.97,1542.71,1556.07,1558.08,1558.11,1606.3
2026-02-02,1582.1,1654.1,1574.94,1574.07,1610.6,1591.32,1586.93,1573.05,1597.72,1573.8,1576.24,1576.11,1572.81,1542.84,1556.66,1558.32,1558.23,1606.73
2026-02-03,1581.75,1655.02,1574.85,1574.46,1610.47,1590.97,1586.37,1572.1,1596.86,1573.23,1575.61,1576.86,1570.49,1542.01,1557.28,1558.55,1557.65,1607.92
2026-02-04,1581.58,1654.39,1574.94,1573.98,1609.37,1591.28,1586.11,1572.16,1597.42,1572.7,1575.06,1577.09,1572.5,1541.61,1555.54,1558.38,1556.69,1608.6
2026-02-05,1581.56,1653.65,1575.26,1575.26,1609.33,1591.02,1586.24,1572.15,1596.67,1572.6,1574.85,1576.16,1572.99,1541.88,1555.99,1557.52,1555.83,1609.04
2026-02-06,1581.65,1653.33,1575.6,1579.39,1609.25,1590.85,1585.88,1571.94,1595.26,1572.78,1574.86,1575.53,1572.46,1541.43,1558.6,1558.56,1554.89,1609.69
2026-02-07,1581.71,1650.1,1575.73,1581.36,1609.36,1590.49,1586.07,1572.21,1595.85,1572.21,1575.09,1576.0,1573.41,1541.75,1558.5,1560.43,1554.83,1610.32
2026-02-08,1581.52,1650.33,1575.71,1581.56,1608.99,1590.23,1585.65,1571.8,1595.81,1572.01,1574.84,1576.23,1573.51,1541.15,1557.17,1561.33,1554.82,1610.34
2026-02-09,1582.3,1655.16,1576.88,1583.6,1608.82,1590.99,1586.11,1572.51,1595.89,1572.02,1575.43,1576.23,1574.15,1541.55,1558.4,1562.51,1553.94,1610.58
2026-02-10,1582.61,1655.27,1577.53,1583.25,1608.77,1591.25,1586.93,1572.98,1595.88,1572.14,1575.65,1577.02,1574.26,1541.67,1558.85,1562.29,1554.56,1610.88
2026-02-11,1583.42,1654.48,1579.02,1585.13,1608.82,1591.43,1587.41,1574.93,1596.69,1572.63,1576.68,1578.65,1574.32,1542.08,1557.77,1564.74,1554.39,1611.27
2026-02-12,1584.31,1655.73,1580.31,1586.47,1608.76,1592.49,1588.14,1575.73,1597.16,1573.31,1576.89,1579.29,1575.54,1543.31,1560.32,1566.78,1554.77,1611.37
2026-02-13,1585.24,1655.78,1581.78,1587.24,1609.59,1594.22,1588.57,1577.04,1597.67,1573.26,1578.2,1580.22,1576.94,1544.12,1559.73,1568.72,1555.21,1613.54
2026-02-14,1586.31,1652.71,1583.23,1590.22,1610.17,1595.29,1589.57,1578.25,1598.59,1574.2,1578.67,1581.08,1578.5,1544.62,1562.42,1568.92,1555.98,1620.31
2026-02-15,1587.01,1654.23,1584.01,1592.47,1610.27,1596.24,1590.09,1579.23,1598.8,1574.78,1578.72,1581.08,1580.04,1546.44,1562.72,1568.98,1556.91,1622.08
2026-02-16,1587.6,1659.64,1584.53,1592.98,1610.4,1596.91,1590.33,1579.44,1598.89,1575.51,1578.9,1581.55,1580.4,1547.31,1562.59,1569.29,1556.5,1623.64
2026-02-17,1587.55,1659.84,1584.65,1593.08,1610.28,1596.87,1589.75,1579.47,1598.7,1575.55,1579.27,1581.63,1580.92,1547.09,1561.74,1569.11,1555.79,1623.99
2026-02-18,1587.5,1659.33,1584.49,1593.0,1609.99,1596.65,1589.46,1579.8,1598.74,1575.41,1579.48,1581.03,1580.47,1546.95,1562.03,1570.01,1556.0,1623.86
2026-02-19,1587.97,1657.49,1584.86,1591.15,1610.52,1596.52,1590.03,1580.3,1600.14,1575.85,1580.04,1581.55,1581.25,1547.99,1563.31,1572.5,1557.43,1624.38
2026-02-20,1589.37,1659.58,1586.72,1596.91,1610.77,1597.97,1591.56,1581.67,1600.27,1577.08,1580.99,1581.88,1583.18,1548.25,1566.64,1573.64,1558.02,1624.31
2026-02-21,1590.82,1657.92,1588.6,1606.95,1611.25,1599.98,1592.06,1582.27,1601.77,1578.45,1582.06,1582.03,1585.53,1550.59,1565.96,1576.47,1559.73,1625.08
2026-02-22,1591.29,1658.3,1589.31,1609.23,1611.52,1600.75,1592.63,1582.4,1601.57,1578.65,1582.36,1583.13,1585.09,1551.27,1565.62,1578.08,1560.98,1624.88
2026-02-23,1592.97,1664.91,1591.11,1615.45,1612.1,1601.54,1594.06,1583.23,1602.45,1579.8,1584.11,1584.14,1586.15,1552.31,1567.37,1581.79,1562.62,1624.44
2026-02-24,1593.98,1666.26,1592.91,1618.42,1612.26,1602.29,1594.64,1583.95,1603.42,1580.73,1584.16,1584.92,1586.47,1553.5,1569.3,1582.16,1563.89,1625.13
2026-02-25,1594.93,1666.25,1594.27,1618.73,1613.13,1603.22,1595.63,1584.96,1603.95,1581.67,1584.8,1586.17,1588.06,1554.73,1569.9,1583.61,1565.5,1625.47
2026-02-26,1595.98,1667.58,1595.64,1620.09,1613.69,1603.61,1596.27,1585.52,1604.67,1582.52,1585.66,1588.23,1590.08,1555.9,1572.28,1586.09,1568.15,1625.37
2026-02-27,1596.94,1667.31,1596.95,1620.34,1614.43,1604.29,1596.86,1586.44,1605.5,1583.01,1586.64,1588.36,1589.88,1556.75,1573.23,1587.81,1570.37,1632.25
2026-02-28,1597.77,1664.05,1597.63,1620.45,1615.06,1605.25,1597.76,1586.98,1606.58,1583.79,1587.31,1590.08,1590.43,1557.75,1575.67,1589.05,1572.7,1641.13
2026-03-01,1600.39,1666.03,1599.62,1622.49,1618.23,1608.36,1600.82,1589.65,1608.73,1586.5,1590.03,1592.0,1594.98,1560.42,1578.0,1592.86,1576.64,1643.42
2026-03-02,1605.94,1679.79,1605.0,1625.54,1624.28,1611.81,1605.09,1595.24,1612.49,1592.5,1595.24,1596.38,1600.68,1566.65,1586.55,1597.97,1587.32,1644.65
2026-03-03,1621.35,1696.02,1623.39,1645.47,1639.88,1624.33,1617.12,1610.42,1621.66,1605.74,1610.07,1608.97,1619.49,1586.65,1608.57,1615.22,1615.53,1646.28
2026-03-04,1706.66,1792.24,1720.33,1767.73,1690.86,1689.55,1701.82,1685.06,1673.06,1683.79,1692.38,1721.77,1731.35,1698.05,1717.72,1703.96,1716.95,1794.46
2026-03-05,1811.05,1883.47,1827.04,1849.85,1768.35,1798.13,1814.53,1800.35,1763.42,1798.21,1800.57,1829.16,1856.94,1829.43,1815.91,1810.26,1833.0,1828.84
2026-03-06,1878.18,1945.62,1896.64,1924.82,1833.97,1868.13,1887.83,1865.85,1823.44,1871.7,1867.71,1881.0,1927.28,1906.83,1875.63,1855.57,1915.67,1836.76
2026-03-07,1907.04,1962.86,1923.58,1941.06,1855.64,1902.16,1920.88,1897.18,1852.54,1905.99,1900.62,1904.31,1941.71,1930.62,1889.48,1873.36,1937.54,1927.61
2026-03-08,1917.34,1967.98,1932.88,1946.93,1863.42,1915.41,1932.83,1904.41,1863.18,1920.83,1910.48,1913.02,1944.41,1942.04,1895.95,1881.97,1941.68,1966.48
2026-03-09,1923.82,1971.37,1938.32,1950.61,1872.16,1926.33,1945.13,1912.99,1869.78,1928.87,1920.2,1920.75,1946.98,1945.14,1898.17,1885.06,1949.57,1930.19
2026-03-10,1931.91,1971.18,1943.69,1950.1,1883.9,1934.62,1953.72,1918.27,1881.33,1940.17,1931.61,1925.3,1948.47,1946.06,1904.46,1889.37,1957.43,1974.78
2026-03-11,1929.95,1955.28,1937.77,1945.35,1890.47,1935.47,1949.13,1918.18,1888.0,1938.79,1935.12,1923.2,1939.88,1941.38,1902.37,1889.78,1951.94,1967.2
2026-03-12,1921.43,1939.51,1922.94,1933.65,1886.76,1931.5,1940.3,1908.12,1892.02,1930.76,1931.14,1919.47,1926.71,1931.07,1893.05,1883.89,1935.79,1961.97
2026-03-13,1884.14,1890.18,1879.3,1860.55,1870.75,1904.39,1906.23,1877.38,1873.77,1887.46,1897.02,1874.16,1860.89,1866.87,1860.88,1849.69,1888.18,1950.2
2026-03-14,1850.83,1858.48,1850.06,1836.14,1850.05,1866.46,1870.13,1842.84,1851.16,1847.62,1859.21,1838.08,1818.82,1826.57,1822.82,1822.04,1843.01,1901.39
2026-03-15,1842.06,1853.88,1840.84,1831.31,1840.93,1854.55,1860.45,1834.37,1844.88,1838.18,1849.57,1831.83,1812.18,1819.69,1815.5,1817.31,1833.17,1883.1
2026-03-16,1833.73,1849.56,1832.51,1826.63,1833.95,1845.11,1848.57,1828.47,1837.52,1829.27,1838.43,1824.42,1806.61,1814.05,1810.43,1813.99,1824.19,1862.69
2026-03-17,1826.7,1844.51,1825.14,1822.21,1828.99,1839.12,1839.19,1821.52,1828.98,1822.95,1830.36,1815.52,1800.95,1806.79,1805.05,1806.88,1815.17,1858.17
2026-03-18,1822.52,1841.92,1821.61,1817.0,1825.34,1832.47,1834.72,1817.11,1824.17,1819.04,1825.62,1810.8,1798.8,1802.64,1800.83,1804.7,1812.42,1851.95
2026-03-19,1819.9,1839.96,1818.99,1811.76,1822.11,1830.86,1831.82,1814.77,1820.45,1817.01,1823.04,1808.56,1798.92,1800.17,1798.86,1804.47,1809.46,1844.81
2026-03-20,1817.76,1839.26,1817.34,1808.24,1820.52,1828.72,1828.64,1812.81,1818.6,1814.65,1820.44,1806.56,1795.5,1797.66,1797.36,1803.79,1807.22,1840.34
2026-03-21,1816.74,1837.9,1816.5,1806.87,1819.25,1826.65,1827.69,1811.97,1817.19,1812.96,1819.89,1806.64,1795.54,1797.0,1797.45,1803.62,1806.84,1838.8
2026-03-22,1816.26,1836.83,1816.03,1806.88,1818.67,1826.89,1827.36,1811.57,1816.89,1812.23,1819.34,1806.09,1794.77,1796.12,1796.62,1803.22,1806.5,1837.74
2026-03-23,1815.93,1837.02,1815.92,1806.17,1818.0,1826.83,1826.66,1812.03,1816.36,1811.8,1818.56,1807.89,1794.9,1796.24,1797.1,1802.38,1806.06,1834.81
2026-03-24,1815.5,1836.14,1815.59,1806.1,1817.67,1826.02,1826.14,1811.61,1815.65,1811.35,1818.08,1807.19,1796.07,1795.35,1796.76,1802.9,1806.69,1833.05
2026-03-25,1815.21,1835.18,1815.29,1805.79,1816.78,1825.64,1826.21,1811.17,1815.33,1810.27,1818.56,1805.0,1795.38,1795.59,1797.82,1802.93,1806.69,1833.6
2026-03-26,1815.63,1836.16,1815.72,1805.69,1817.3,1826.33,1826.16,1811.91,1815.65,1810.84,1818.54,1805.0,1795.78,1796.71,1799.4,1804.18,1805.59,1832.51
2026-03-27,1831.77,1851.8,1837.31,1829.14,1825.79,1841.74,1842.92,1824.59,1825.3,1826.5,1831.98,1829.31,1817.04,1821.03,1811.66,1825.23,1820.06,1837.95
2026-03-28,1848.09,1873.67,1857.06,1850.74,1840.11,1859.69,1861.26,1839.22,1838.29,1840.36,1845.52,1852.42,1837.52,1838.56,1820.27,1848.12,1828.36,1840.89
2026-03-29,1856.77,1891.55,1868.07,1858.87,1848.35,1869.81,1870.74,1848.5,1844.68,1847.99,1851.14,1861.0,1844.79,1846.99,1823.5,1852.59,1834.17,1845.2
2026-03-30,1870.52,1906.39,1884.64,1865.68,1863.13,1886.35,1884.65,1862.35,1854.8,1861.75,1864.29,1874.59,1855.17,1858.47,1835.21,1862.46,1847.57,1856.13
2026-03-31,1884.19,1920.2,1895.56,1873.38,1880.19,1901.98,1895.63,1876.14,1869.54,1876.76,1880.3,1882.23,1863.65,1869.62,1854.57,1870.16,1858.94,1894.2
2026-04-01,1899.39,1929.68,1907.29,1886.72,1897.18,1919.95,1908.78,1889.47,1890.0,1893.44,1899.42,1903.33,1873.27,1882.24,1870.93,1880.74,1875.94,1925.08
2026-04-02,1911.05,1940.38,1917.45,1900.89,1910.75,1929.51,1918.31,1900.38,1904.07,1905.78,1913.83,1914.83,1884.49,1893.08,1881.54,1891.15,1889.88,1941.31
2026-04-03,1921.14,1942.57,1926.13,1914.35,1919.78,1938.11,1927.73,1909.11,1914.9,1919.22,1927.92,1921.73,1892.12,1904.8,1889.64,1898.82,1901.16,1959.57
2026-04-04,1931.85,1952.94,1936.39,1931.16,1930.88,1945.58,1935.91,1918.47,1926.92,1932.62,1937.47,1925.59,1903.31,1915.79,1903.42,1910.3,1913.02,1972.85
2026-04-05,1938.24,1960.72,1942.57,1941.65,1934.44,1950.1,1941.47,1924.84,1932.63,1939.79,1943.28,1929.11,1912.6,1926.27,1910.48,1918.64,1920.58,1978.84
2026-04-06,1947.13,1966.8,1951.15,1948.96,1943.7,1958.45,1950.0,1933.69,1939.51,1950.26,1954.39,1934.72,1920.89,1937.8,1918.26,1927.15,1934.03,1984.53
2026-04-07,1958.15,1981.46,1962.39,1960.11,1955.79,1967.12,1958.59,1945.52,1949.88,1959.22,1963.69,1945.0,1938.74,1950.76,1934.93,1939.6,1947.77,1996.26
2026-04-08,1968.23,1993.15,1972.15,1971.01,1965.98,1974.45,1966.76,1955.65,1961.49,1968.37,1971.67,1951.73,1955.17,1962.1,1952.35,1952.24,1962.36,2004.45
2026-04-09,1976.21,2002.01,1980.25,1978.96,1973.4,1981.0,1973.67,1963.36,1969.68,1975.5,1977.75,1965.73,1967.84,1970.99,1965.48,1965.0,1973.63,2008.49
2026-04-10,1982.13,2008.63,1986.6,1983.38,1979.71,1986.4,1980.37,1970.05,1975.69,1979.7,1981.21,1976.31,1974.93,1973.63,1976.58,1973.78,1982.98,2012.62
2026-04-11,1984.95,2008.76,1989.2,1984.89,1982.63,1989.64,1984.54,1974.6,1979.31,1982.14,1984.03,1981.42,1976.8,1974.68,1979.1,1977.57,1984.97,2013.01
2026-04-12,1986.09,2010.33,1990.03,1985.08,1984.87,1991.21,1986.45,1975.85,1980.89,1982.9,1984.77,1983.05,1978.08,1974.77,1980.03,1978.53,1985.97,2013.56
2026-04-13,1988.45,2011.54,1992.02,1986.28,1987.67,1993.63,1989.44,1979.43,1983.49,1985.07,1987.51,1986.28,1980.94,1974.9,1983.08,1980.78,1988.48,2014.92
2026-04-14,1990.63,2012.36,1994.1,1987.62,1990.58,1995.79,1992.45,1983.26,1986.04,1987.03,1989.09,1989.53,1982.99,1975.5,1985.07,1982.84,1989.75,2015.84
2026-04-15,1992.04,2013.07,1995.36,1987.77,1993.0,1997.81,1993.55,1985.84,1988.37,1987.86,1990.8,1991.48,1984.25,1976.31,1985.89,1983.82,1989.86,2016.61
2026-04-16,1993.01,2014.38,1996.15,1987.77,1994.68,1998.89,1995.25,1987.39,1989.77,1988.55,1991.82,1991.52,1985.89,1976.54,1986.14,1983.41,1989.74,2016.14
2026-04-17,1994.09,2016.86,1997.13,1989.71,1996.23,2000.22,1996.66,1987.97,1991.21,1989.29,1992.31,1990.86,1987.18,1977.19,1986.33,1985.84,1990.56,2017.26
2026-04-18,1995.36,2020.1,1998.63,1991.92,1998.72,2000.97,1998.21,1989.04,1992.65,1990.33,1992.82,1990.94,1988.46,1977.93,1986.63,1986.64,1990.21,2017.77
2026-04-19,1995.65,2021.91,1998.87,1991.93,1999.22,2001.28,1998.55,1989.44,1993.34,1990.08,1992.44,1991.64,1989.3,1978.35,1986.53,1987.41,1990.43,2017.81
2026-04-20,1996.47,2023.7,1999.36,1992.8,2000.6,2001.94,1999.74,1990.71,1994.39,1990.54,1993.29,1991.95,1990.28,1979.24,1986.5,1988.74,1990.64,2018.44
2026-04-21,1997.7,2026.71,2000.74,1995.88,2002.53,2002.85,2001.0,1991.87,1995.6,1991.59,1993.79,1993.05,1991.17,1979.98,1987.29,1989.84,1990.75,2018.81
2026-04-22,1998.71,2028.03,2001.75,1998.41,2003.37,2003.61,2001.79,1992.52,1997.77,1991.98,1994.68,1994.48,1991.68,1981.5,1987.14,1992.11,1992.07,2019.72
2026-04-23,1999.67,2029.65,2002.48,1999.55,2004.65,2004.58,2002.81,1993.79,1998.94,1992.91,1995.1,1995.78,1992.27,1982.61,1988.09,1993.79,1992.89,2020.32
2026-04-24,2000.53,2030.37,2003.27,2000.7,2005.82,2005.87,2003.48,1994.76,2000.3,1993.24,1995.81,1995.13,1993.79,1983.38,1989.07,1994.46,1994.53,2020.77
2026-04-25,2001.51,2032.96,2004.12,2002.04,2007.19,2006.89,2004.68,1995.82,2001.99,1994.03,1995.96,1995.73,1994.8,1984.45,1989.85,1994.41,1995.16,2020.57
2026-04-26,2001.76,2033.27,2004.24,2002.42,2007.24,2006.92,2004.85,1996.21,2002.45,1994.35,1996.69,1995.73,1995.15,1984.33,1989.92,1994.78,1995.29,2020.47
2026-04-27,2002.47,2033.53,2004.73,2003.2,2007.97,2007.8,2005.61,1996.98,2002.91,1995.26,1997.62,1996.67,1995.34,1985.33,1991.23,1995.42,1996.32,2020.41
2026-04-28,2003.0,2035.11,2005.08,2003.04,2008.35,2008.26,2005.77,1997.74,2004.39,1995.83,1998.2,1997.22,1995.79,1985.7,1991.15,1996.4,1996.47,2020.56
2026-04-29,2003.37,2035.05,2005.2,2003.85,2009.12,2008.57,2006.26,1998.47,2005.31,1996.34,1998.37,1997.61,1995.58,1986.13,1991.0,1996.68,1996.8,2020.42
