일자,구리 (달러/톤),알루미늄 (달러/톤),아연 (달러/톤),납 (달러/톤),니켈 (달러/톤),주석 (달러/톤)
2024-01-02,8430,2336.5,2607,2033,16600,25150
2024-01-03,8381,2255.5,2573,2025,16210,25050
2024-01-04,8375,2235.5,2531,2012,16025,24925
2024-01-05,8346.5,2215.5,2514,2024,15705,24200
2024-01-08,8295,2205.5,2486,2030,15930,24400
2024-01-09,8301.5,2200,2503,2033,16150,24300
2024-01-10,8285,2204,2491,2050.5,15980,24025
2024-01-11,8332,2203,2508,2095,16250,24300
2024-01-12,8289,2175,2480,2058,16075,24350
2024-01-15,8238.5,2153,2535,2078,16200,24550
2024-01-16,8280,2158.5,2518.5,2086,15880,24500
2024-01-17,8230,2142,2487,2033,15765,25025
2024-01-18,8189,2130.5,2440.5,2030,15870,25200
2024-01-19,8275,2122,2459,2077,15935,25550
2024-01-22,8254.5,2110,2438.5,2087,15785,25375
2024-01-23,8283.5,2145,2496,2162,16010,26000
2024-01-24,8460,2207.5,2564.5,2175.5,16240,26350
2024-01-25,8486,2188.5,2595,2169,16360,26450
2024-01-26,8447,2212,2582,2149,16535,26550
2024-01-29,8421,2214,2566,2180,16285,26350
2024-01-30,8462,2226.5,2546,2165,16150,26050
2024-01-31,8513,2232,2551.5,2173,16070,26000
2024-02-01,8437,2212.5,2478,2162,15985,25700
2024-02-02,8400,2209.5,2463,2145.5,16125,25475
2024-02-05,8329,2183.5,2419,2132,15805,24780
2024-02-06,8280,2184.5,2417,2119,15620,25075
2024-02-07,8280.5,2195.5,2401,2119,15680,25150
2024-02-08,8202,2214.5,2374,2099,15755,25600
2024-02-09,8091.5,2180.5,2322,2050,15725,25980
2024-02-12,8085.5,2188,2295,2053,15755,26650
2024-02-13,8185,2204,2297,2017,15950,27500
2024-02-14,8133.5,2194,2285.5,2023,16115,27265
2024-02-15,8153,2205,2321.5,2057,16240,27275
2024-02-16,8322,2203,2342,2062,16090,26950
2024-02-19,8364.5,2185,2343,2044.5,16175,26405
2024-02-20,8366.5,2147.5,2327,2041,16135,26250
2024-02-21,8472,2211.5,2360,2082,16505,26310
2024-02-22,8482,2178.5,2358,2085,16985,25975
2024-02-23,8442.5,2157,2348.5,2097,17180,26300
2024-02-26,8373,2140.5,2380,2111,16985,26100
2024-02-27,8396.5,2146,2398,2113,17075,26075
2024-02-28,8340.5,2130,2342,2090,17140,26100
2024-02-29,8389,2163,2382,2067,17435,26375
2024-03-01,8394,2183.5,2362.5,2052.5,17175,26150
2024-03-04,8437,2182.5,2393,2028,17575,26600
2024-03-05,8429.5,2191.5,2418,2023,17600,26500
2024-03-06,8441,2187.5,2446,2060,17475,27050
2024-03-07,8559,2210,2495,2107,17660,27550
2024-03-08,8552.5,2209,2501.5,2125,17845,27485
2024-03-11,8522,2202,2516,2113,17910,27450
2024-03-12,8566,2213.5,2535,2134,18135,27600
2024-03-13,8727,2224,2524,2164,18165,27625
2024-03-14,8791.5,2205,2519.5,2142,17755,28055
2024-03-15,8906.5,2218.5,2524,2107,18000,28410
2024-03-18,8973,2224.5,2515.5,2094,17680,28550
2024-03-19,8875,2202.5,2467,2042,17500,27805
2024-03-20,8790,2231.5,2462,2015.5,17300,26900
2024-03-21,8873.5,2264,2501,2031,17430,27700
2024-03-22,8741,2246.5,2449,1992.5,17160,27550
2024-03-25,8745,2267.5,2437,1992,16865,27525
2024-03-26,8764,2275.5,2425,1982.5,16565,27410
2024-03-27,8696,2238,2366,1968,16330,27355
2024-03-28,8729,2270,2391,1965,16530,27650
2024-04-02,8920,2322.5,2437,2001,17000,27845
2024-04-03,8932,2334,2430,2023,16870,28025
2024-04-04,9257,2394.5,2551.5,2084.5,17230,28450
2024-04-05,9198,2391,2587.5,2091,17475,28705
2024-04-08,9301,2417,2627,2111,17700,29395
2024-04-09,9295.5,2403,2660,2119.5,17780,30585
2024-04-10,9365,2429,2731.5,2139,18585,32925
2024-04-11,9240.5,2410.5,2712,2127.5,17715,31850
2024-04-12,9402,2443,2848,2140.5,17780,32975
2024-04-15,9390,2520.5,2772,2142,17855,32950
2024-04-16,9377,2512,2703,2146,17625,32200
2024-04-17,9434,2581,2788.5,2116,17870,32640
2024-04-18,9617,2600,2812.5,2155,18210,34025
2024-04-19,9749,2645.5,2833,2160,19045,35685
2024-04-22,9814.5,2654,2792.5,2148,19015,35250
2024-04-23,9599,2585,2745,2111,18785,32600
2024-04-24,9671,2585.5,2796,2164,18985,32085
2024-04-25,9791,2586.5,2861.5,2186,18855,32450
2024-04-26,9869,2559.5,2846,2196.5,19180,33125
2024-04-29,9935,2536.5,2882,2177.5,19115,32675
2024-04-30,9973.5,2545,2924.5,2184,18975,32300
2024-05-01,9791,2554.5,2835,2155.5,18620,31150
2024-05-02,9660,2510,2859,2144,18405,31375
2024-05-03,9737,2517,2891,2156,18760,32050
2024-05-07,9847,2512.5,2885,2197,18755,32575
2024-05-08,9740,2488,2860,2187,18510,32650
2024-05-09,9728,2494,2858,2175.5,18625,32400
2024-05-10,9942,2515,2913,2192.5,18725,32895
2024-05-13,10009,2510,2930,2184,18910,32675
2024-05-14,10077,2477.5,2935.5,2201,18940,33300
2024-05-15,10221,2529.5,2954,2228,19050,34100
2024-05-16,10308,2538.5,2936,2227.5,19335,33625
2024-05-17,10398,2544,2929,2237,20735,34190
2024-05-20,10857,2568,3047,2283.5,21270,34575
2024-05-21,10775,2645,3093,2291,21275,34105
2024-05-22,10447,2625,3030,2290,20330,33350
2024-05-23,10290.5,2551,3007,2235,19800,33125
2024-05-24,10256.5,2599,3012.5,2248.5,19955,33725
2024-05-28,10331,2653,3055,2283,20065,33950
2024-05-29,10294,2695,3060,2260,20255,33955
2024-05-30,10016.5,2665.5,2985,2224.5,19770,33150
2024-05-31,9985,2677,2994.5,2246,19830,33300
2024-06-03,9985.5,2625,2929,2224,19325,32600
2024-06-04,9858.5,2603,2869,2205,18900,32000
2024-06-05,9769,2577,2823,2176,18340,31375
2024-06-06,9930,2587,2842.5,2188,18130,31900
2024-06-07,9840,2578.5,2834,2179,17950,32105
2024-06-10,9694.5,2515.5,2759,2128,17835,31700
2024-06-11,9567,2475,2727,2122.5,17650,31750
2024-06-12,9697.5,2476,2765,2108,17525,32750
2024-06-13,9733,2498,2809,2111,17550,33150
2024-06-14,9650,2465.5,2732,2109,17275,32410
2024-06-17,9477,2420.5,2757,2105,17080,31800
2024-06-18,9426,2427.5,2732,2107,16990,31775
2024-06-19,9652,2445,2817,2189,17025,32150
2024-06-20,9648,2461,2811.5,2138,17140,32575
2024-06-21,9563,2452.5,2786,2145,16935,32650
2024-06-24,9530,2454.5,2799,2147,16955,32595
2024-06-25,9492,2451.5,2808,2116,16855,32645
2024-06-26,9420,2444,2861,2159,16910,31560
2024-06-27,9422.5,2458.5,2876.5,2140,16835,32085
2024-06-28,9476.5,2485.5,2919.5,2160,16960,33000
2024-07-01,9517,2496.5,2912,2185,17220,32840
2024-07-02,9546.5,2489.5,2873,2198,17185,32900
2024-07-03,9623,2487,2915,2171,17110,33100
2024-07-04,9726.5,2493.5,2948,2172,16950,33225
2024-07-05,9809,2495.5,2955,2191,17175,33595
2024-07-08,9808,2475.5,2926,2207.5,17130,34450
2024-07-09,9762,2468.5,2872,2155,16980,34325
2024-07-10,9696,2432,2870,2136,16750,34900
2024-07-11,9693.5,2428.5,2902.5,2131,16630,35600
2024-07-12,9673,2422,2870,2129,16625,33950
2024-07-15,9679.5,2404.0,2904.0,2138.0,16420.0,33600.0
2024-07-16,9565.5,2377.0,2861.0,2134.0,16435.0,32950.0
2024-07-17,9533.0,2363.0,2819.0,2203.0,16370.0,33300.0
2024-07-18,9342.0,2335.0,2737.0,2153.0,16205.0,31700.0
2024-07-19,9214.0,2312.0,2717.0,2100.0,16105.0,30695.0
2024-07-22,9127.5,2259.0,2660.5,2050.5,15850.0,30200.0
2024-07-23,9052.5,2264.0,2638.5,2032.0,15765.0,29050.0
2024-07-24,9018.5,2266.0,2653.0,2033.0,15650.0,30050.0
2024-07-25,8917.0,2218.5,2598.0,2001.0,15470.0,29080.0
2024-07-26,9018.5,2229.0,2609.0,2031.0,15550.0,29410.0
2024-07-29,8906.0,2203.5,2614.0,2054.0,15585.0,29155.0
2024-07-30,8809.0,2161.5,2570.5,2001.0,15700.0,28405.0
2024-07-31,9014.5,2252.0,2634.5,2024.0,16255.0,29610.0
2024-08-01,8998.0,2228.5,2621.5,2047.0,15870.0,29635.0
2024-08-02,8977.0,2214.5,2628.0,2000.0,16155.0,30200.0
2024-08-05,8620.5,2167.0,2522.0,1917.0,15660.0,28900.0
2024-08-06,8715.0,2205.0,2541.0,1905.0,16095.0,29400.0
2024-08-07,8685.0,2202.5,2516.0,1918.0,16075.0,29800.0
2024-08-08,8649.0,2204.5,2580.0,1919.0,16000.0,30125.0
2024-08-09,8805.0,2263.0,2697.0,1990.0,16085.0,31900.0
2024-08-12,8851.0,2268.0,2714.0,2031.0,15930.0,32010.0
2024-08-13,8832.0,2256.5,2637.0,1971.0,15970.0,31360.0
2024-08-14,8906.0,2299.0,2679.0,1959.0,16035.0,31410.0
2024-08-15,9009.0,2301.0,2711.0,2005.0,16180.0,31750.0
2024-08-16,8938.0,2293.5,2694.0,1975.0,15905.0,31560.0
2024-08-19,9115.5,2369.5,2745.5,2004.0,16285.0,32410.0
2024-08-20,9152.0,2435.0,2772.0,2030.0,16600.0,32650.0
2024-08-21,9138.0,2443.0,2797.5,2052.0,16640.0,32535.0
2024-08-22,9061.0,2471.0,2828.0,2062.0,16330.0,32755.0
2024-08-23,9072.0,2499.0,2841.0,2086.0,16410.0,32825.0
2024-08-27,9247.5,2520.0,2885.0,2095.0,16835.0,33085.0
2024-08-28,9135.5,2479.5,2813.0,2045.0,16630.0,32475.0
2024-08-29,9116.0,2437.5,2820.0,2013.0,16735.0,32545.0
2024-08-30,9215.0,2463.5,2862.0,2026.5,16820.0,32425.0
2024-09-02,9034.0,2390.5,2778.0,2020.0,16445.0,31300.0
2024-09-03,8856.0,2382.0,2750.0,2006.0,16285.0,30875.0
2024-09-04,8830.5,2367.5,2733.5,1989.0,16030.0,30200.0
2024-09-05,8915.0,2366.0,2687.5,1977.0,15770.0,30300.0
2024-09-06,9013.0,2368.0,2714.5,1953.0,15830.0,31500.0
2024-09-09,8989.5,2318.0,2682.0,1915.0,15655.0,31050.0
2024-09-10,8935.0,2323.0,2653.0,1912.0,15610.0,30750.0
2024-09-11,9007.5,2354.5,2727.0,1960.0,15700.0,31100.0
2024-09-12,9115.5,2390.5,2810.0,1998.0,15875.0,31400.0
2024-09-13,9080.5,2405.0,2798.5,1991.0,15665.0,31750.0
2024-09-16,9216.0,2505.0,2896.5,2019.0,15950.0,31895.0
2024-09-17,9242.0,2505.5,2884.0,1983.0,15955.0,31750.0
2024-09-18,9289.0,2520.0,2889.0,1997.5,15975.0,31600.0
2024-09-19,9405.5,2523.0,2892.0,2046.0,16110.0,31925.0
2024-09-20,9395.0,2477.0,2862.0,2033.0,16175.0,32150.0
2024-09-23,9329.0,2455.0,2839.0,2011.5,16350.0,32050.0
2024-09-24,9602.0,2542.0,2943.0,2050.0,16430.0,32500.0
2024-09-25,9618.5,2512.0,2957.5,2044.0,16450.0,32250.0
2024-09-26,9844.0,2560.0,3038.5,2101.0,16555.0,32400.0
2024-09-27,9860.0,2609.5,3045.5,2078.0,16655.0,32450.0
2024-09-30,9767.0,2611.0,3075.5,2070.5,17005.0,33325.0
2024-10-01,9741.0,2635.0,3108.5,2075.5,17320.0,33550.0
2024-10-02,9882.5,2635.0,3132.0,2091.0,17730.0,34275.0
2024-10-03,9786.0,2638.0,3134.5,2092.0,17920.0,33810.0
2024-10-04,9784.0,2654.0,3144.0,2107.0,17600.0,33805.0
2024-10-07,9816.5,2655.5,3154.0,2110.5,17875.0,34100.0
2024-10-08,9619.0,2569.0,3083.0,2053.5,17420.0,33175.0
2024-10-09,9550.0,2530.0,3001.0,2021.0,17275.0,32600.0
2024-10-10,9507.0,2550.5,3017.0,2008.0,17150.0,32560.0
2024-10-11,9596.5,2645.0,3108.0,2047.0,17615.0,33150.0
2024-10-14,9516.0,2566.0,3047.0,2008.0,17335.0,32500.0
2024-10-15,9401.5,2522.0,2998.0,1994.0,17175.0,31900.0
2024-10-16,9489.0,2557.5,3072.0,2075.0,17070.0,32500.0
2024-10-17,9380.0,2524.5,3008.0,2038.0,16630.0,31310.0
2024-10-18,9472.5,2553.0,3082.0,2034.5,16780.0,31500.0
2024-10-21,9592.5,2582.5,3123.0,2035.0,16715.0,31395.0
2024-10-22,9490.5,2609.0,3152.0,2051.0,16310.0,30895.0
2024-10-23,9364.0,2625.0,3165.5,2019.0,15860.0,31000.0
2024-10-24,9413.0,2643.0,3237.5,2039.0,16035.0,31250.0
2024-10-25,9385.0,2600.5,3078.0,2021.0,15920.0,31175.0
2024-10-28,9402.0,2610.0,3105.0,1990.0,15810.0,31350.0
2024-10-29,9431.0,2617.5,3162.0,1965.0,15705.0,31145.0
2024-10-30,9356.0,2623.0,3153.0,1975.0,15725.0,30850.0
2024-10-31,9427.0,2617.5,3102.0,1977.0,15530.0,31200.0
2024-11-01,9425.0,2613.5,3062.5,2022.0,15840.0,31475.0
2024-11-04,9505.0,2581.0,3029.0,2000.5,15710.0,32100.0
2024-11-05,9587.5,2605.5,3053.0,2000.0,15965.0,32050.0
2024-11-06,9250.5,2549.5,2955.5,1979.0,15615.0,31400.0
2024-11-07,9386.0,2652.5,3052.0,2004.0,16260.0,31605.0
2024-11-08,9323.0,2600.5,2967.0,1997.0,16105.0,31550.0
2024-11-11,9251.0,2555.0,2981.0,1984.5,15910.0,31750.0
2024-11-12,9005.0,2530.0,2917.5,1981.0,15780.0,29950.0
2024-11-13,8969.0,2514.0,2925.0,1987.0,15555.0,29800.0
2024-11-14,8768.0,2504.0,2903.0,1937.0,15335.0,29025.0
2024-11-15,9055.0,2641.0,3006.0,1936.0,15500.0,29175.0
2024-11-18,8859.5,2563.0,2927.0,1921.0,15290.0,28675.0
2024-11-19,8919.5,2583.5,2944.0,1946.0,15630.0,28625.0
2024-11-20,9022.0,2654.5,2967.5,2006.0,15805.0,29150.0
2024-11-21,8945.5,2591.0,2987.0,1975.0,15705.0,28825.0
2024-11-22,8829.0,2589.0,2965.0,1985.0,15610.0,28535.0
2024-11-25,8918.0,2616.0,3011.0,2009.0,15810.0,29010.0
2024-11-26,8925.0,2590.5,3083.0,2000.0,15895.0,28775.0
2024-11-27,8897.5,2577.0,3107.5,2011.0,15675.0,28060.0
2024-11-28,8850.5,2564.0,3045.0,2033.0,15805.0,27300.0
2024-11-29,8879.0,2572.0,3092.0,2043.0,15745.0,28300.0
2024-12-02,8871.0,2564.5,3085.5,2040.0,15545.0,28280.0
2024-12-03,8941.0,2577.0,3079.0,2031.0,15720.0,28450.0
2024-12-04,8951.0,2583.0,3077.0,2054.0,15760.0,28525.0
2024-12-05,8967.0,2620.5,3099.0,2066.0,15775.0,28860.0
2024-12-06,9040.0,2555.0,3062.0,2071.5,15800.0,28955.0
2024-12-09,9104.0,2556.0,3110.5,2063.0,15710.0,29050.0
2024-12-10,9067.0,2553.0,3105.5,2037.0,15535.0,29600.0
2024-12-11,9077.0,2556.0,3092.5,2037.0,15580.0,29625.0
2024-12-12,9038.5,2555.0,3061.0,1990.0,15980.0,29550.0
2024-12-13,8989.0,2567.5,3083.0,1976.0,15810.0,29305.0
2024-12-16,8932.0,2543.0,3062.0,1976.5,15590.0,29025.0
2024-12-17,8851.5,2497.0,3020.0,1963.5,15380.0,28950.0
2024-12-18,8905.5,2483.5,2988.0,1952.5,15320.0,29000.0
2024-12-19,8795.5,2470.0,2962.0,1947.0,14965.0,28205.0
2024-12-20,8793.0,2483.0,2958.0,1946.0,14965.0,28475.0
2024-12-23,8838.0,2504.0,2997.0,1973.0,15200.0,28725.0
2024-12-24,8847.5,2541.5,3022.5,1963.5,15260.0,28475.0
2024-12-27,8843.0,2513.0,2995.5,1944.0,15085.0,28700.0
2024-12-30,8833.0,2529.5,3026.0,1928.0,15330.0,28900.0
2024-12-31,8706.0,2516.5,2974.0,1921.5,15100.0,28900.0
2025-01-02,8685.5,2536.0,2926.5,1915.0,15010.0,28225.0
2025-01-03,8701.0,2475.0,2864.5,1898.0,14770.0,28625.0
2025-01-06,8893.5,2480.0,2879.0,1918.0,15070.0,29250.0
2025-01-07,8886.0,2484.0,2844.0,1907.0,15120.0,29550.0
2025-01-08,8847.0,2474.0,2798.0,1920.0,15180.0,30050.0
2025-01-09,8960.5,2502.5,2821.0,1907.0,15185.0,29945.0
2025-01-10,8995.5,2560.5,2856.5,1949.0,15400.0,29825.0
2025-01-13,8980.0,2573.0,2839.0,1926.0,15560.0,29605.0
2025-01-14,9016.0,2554.5,2831.0,1914.5,15600.0,29550.0
2025-01-15,9020.0,2562.0,2792.0,1907.0,15630.0,29125.0
2025-01-16,9135.0,2628.0,2824.0,1930.0,15665.0,29550.0
2025-01-17,9132.0,2658.5,2884.0,1936.0,15840.0,29400.0
2025-01-20,9043.5,2675.0,2891.0,1948.5,15680.0,29350.0
2025-01-21,9067.0,2635.5,2887.0,1915.0,15850.0,30200.0
2025-01-22,9123.0,2611.0,2851.5,1943.0,15580.0,30035.0
2025-01-23,9056.0,2605.5,2818.0,1923.0,15510.0,29850.0
2025-01-24,9218.0,2640.0,2821.5,1926.0,15470.0,30125.0
2025-01-27,9051.0,2616.5,2791.0,1913.0,15505.0,30000.0
2025-01-28,8890.5,2572.0,2746.5,1897.0,15240.0,29620.0
2025-01-29,8881.0,2590.5,2720.5,1931.5,15230.0,29775.0
2025-01-30,8975.0,2617.0,2756.0,1935.0,15195.0,30060.0
2025-01-31,8949.5,2598.0,2711.0,1920.0,15040.0,29885.0
2025-02-03,8866.5,2584.0,2699.0,1907.0,14900.0,29565.0
2025-02-04,8993.0,2634.0,2760.0,1906.5,14895.0,30175.0
2025-02-05,9025.0,2610.0,2718.5,1954.0,15180.0,30285.0
2025-02-06,9165.0,2638.0,2770.0,1971.0,15525.0,31100.0
2025-02-07,9288.0,2639.5,2816.0,1981.0,15575.0,31110.0
2025-02-10,9287.5,2640.0,2786.0,1947.5,15400.0,31200.0
2025-02-11,9245.0,2647.0,2763.0,1950.0,15175.0,30875.0
2025-02-12,9277.5,2628.5,2815.0,1933.0,15200.0,31575.0
2025-02-13,9362.0,2627.0,2811.0,1948.0,15100.0,31635.0
2025-02-14,9812.0,2662.0,2845.0,1951.0,15360.0,32575.0
2025-02-17,9291.0,2660.0,2803.0,1967.0,15175.0,32485.0
2025-02-18,9295.0,2661.0,2836.0,1952.0,15135.0,32850.0
2025-02-19,9433.0,2709.5,2851.0,1940.0,15130.0,32625.0
2025-02-20,9514.5,2720.0,2880.0,1970.5,15405.0,33055.0
2025-02-21,9494.0,2702.0,2859.0,1956.0,15300.0,33450.0
2025-02-24,9490.0,2673.0,2840.0,1970.5,15335.0,33700.0
2025-02-25,9463.0,2669.0,2778.5,1955.0,15150.0,33125.0
2025-02-26,9504.0,2670.5,2793.5,1984.0,15450.0,32995.0
2025-02-27,9415.5,2655.0,2801.5,1981.0,15645.0,31795.0
2025-02-28,9363.5,2637.5,2768.0,1980.5,15460.0,31350.0
2025-03-03,9360.5,2624.0,2806.5,1972.0,15600.0,31375.0
2025-03-04,9395.0,2634.0,2798.0,1990.0,15760.0,31810.0
2025-03-05,9541.0,2653.0,2827.0,1995.0,15675.0,31825.0
2025-03-06,9654.0,2709.0,2888.0,2021.0,15990.0,32050.0
2025-03-07,9664.0,2693.0,2850.0,2005.0,16050.0,32360.0
2025-03-10,9547.0,2716.0,2827.0,2032.0,16420.0,32600.0
2025-03-11,9628.0,2725.0,2875.0,2029.0,16295.0,32825.0
2025-03-12,9766.0,2737.0,2936.0,2062.0,16460.0,33425.0
2025-03-13,9702.5,2694.0,2906.0,2050.0,16230.0,33400.0
2025-03-14,9759.0,2713.0,2966.0,2067.0,16450.0,35635.0
2025-03-17,9748.0,2715.0,2948.0,2075.0,16310.0,35210.0
2025-03-18,9834.0,2681.0,2897.0,2074.0,16060.0,35310.0
2025-03-19,9914.0,2687.0,2915.0,2081.0,16350.0,35100.0
2025-03-20,9911.5,2685.5,2899.0,2040.5,16010.0,35200.0
2025-03-21,9829.0,2652.0,2906.5,2020.0,15915.0,34785.0
2025-03-24,9978.0,2640.5,2947.0,2022.0,15895.0,34625.0
2025-03-25,9982.0,2608.0,2947.5,2044.5,15785.0,34650.0
2025-03-26,9884.0,2600.0,2930.5,2068.0,15975.0,34810.0
2025-03-27,9787.0,2557.0,2892.0,2046.0,16040.0,35150.0
2025-03-28,9795.0,2559.0,2852.0,2011.5,16160.0,36500.0
2025-03-31,9673.0,2518.5,2829.0,2002.0,15715.0,35905.0
2025-04-01,9652.0,2499.0,2817.0,1973.0,15850.0,37200.0
2025-04-02,9646.0,2480.0,2774.0,1949.5,15795.0,38575.0
2025-04-03,9397.0,2436.5,2724.5,1931.0,15650.0,37195.0
2025-04-04,8830.5,2355.5,2648.5,1892.0,15050.0,36050.0
2025-04-07,8825.0,2350.0,2576.5,1863.0,14360.0,34700.0
2025-04-08,8760.0,2366.0,2612.0,1857.0,14270.0,33650.0
2025-04-09,8539.0,2285.0,2534.0,1820.0,13815.0,29625.0
2025-04-10,8978.0,2343.5,2622.0,1867.0,14590.0,31150.0
2025-04-11,9180.0,2364.0,2651.0,1881.5,15015.0,31300.0
2025-04-14,9212.5,2355.5,2628.0,1897.0,15175.0,31550.0
2025-04-15,9094.0,2333.5,2608.0,1917.0,15360.0,30730.0
2025-04-16,9083.0,2332.5,2544.0,1884.0,15400.0,30700.0
2025-04-17,9104.0,2327.5,2521.0,1891.0,15425.0,30500.0
2025-04-22,9293.5,2355.5,2567.0,1912.0,15525.0,31100.0
2025-04-23,9416.5,2384.0,2608.0,1920.0,15550.0,30800.0
2025-04-24,9410.5,2410.0,2636.0,1929.0,15625.0,31300.0
2025-04-25,9364.0,2412.0,2618.0,1936.0,15530.0,32100.0
2025-04-28,9365.5,2400.0,2599.0,1961.0,15450.0,31975.0
2025-04-29,9487.5,2430.0,2625.0,1954.0,15380.0,32025.0
2025-04-30,9204.0,2405.0,2593.0,1947.5,15375.0,31600.0
2025-05-01,9195.0,2377.5,2567.5,1948.0,15005.0,30710.0
2025-05-02,9376.0,2401.5,2581.5,1947.0,15325.0,30855.0
2025-05-06,9500.0,2404.0,2584.0,1924.0,15440.0,31700.0
2025-05-07,9486.0,2363.5,2583.5,1912.5,15355.0,31350.0
2025-05-08,9413.0,2363.5,2562.0,1925.0,15375.0,31900.0
2025-05-09,9485.5,2401.0,2622.0,1992.0,15460.0,31745.0
2025-05-12,9590.0,2468.5,2686.0,1998.5,15485.0,32605.0
2025-05-13,9534.0,2470.0,2638.5,1987.0,15475.0,32620.0
2025-05-14,9649.5,2530.0,2738.0,1994.0,15725.0,33025.0
2025-05-15,9537.5,2480.5,2691.0,1977.0,15475.0,32950.0
2025-05-16,9534.0,2473.5,2681.0,1995.0,15435.0,32835.0
2025-05-19,9545.0,2450.5,2658.5,1970.5,15310.0,32950.0
2025-05-20,9530.0,2458.5,2666.0,1957.0,15350.0,32885.0
2025-05-21,9532.5,2460.5,2680.5,1944.5,15330.0,33025.0
2025-05-22,9493.0,2445.5,2662.0,1928.5,15250.0,32400.0
2025-05-23,9595.0,2437.0,2651.0,1958.0,15205.0,32695.0
2025-05-27,9653.0,2470.5,2672.0,1964.0,15275.0,32455.0
2025-05-28,9682.0,2479.0,2685.0,1960.0,14965.0,31765.0
2025-05-29,9641.5,2468.0,2682.0,1957.0,15105.0,31625.0
2025-05-30,9623.0,2445.0,2631.0,1926.0,15150.0,30775.0
2025-06-02,9655.0,2451.0,2653.0,1957.0,15145.0,30350.0
2025-06-03,9643.0,2446.0,2667.0,1952.0,15200.0,31250.0
2025-06-04,9673.5,2473.0,2679.0,1965.0,15280.0,31960.0
2025-06-05,9834.0,2472.5,2655.0,1965.0,15285.0,32000.0
2025-06-06,9795.0,2431.5,2629.0,1955.0,15225.0,32375.0
2025-06-09,9849.00,2468.50,2617.00,1964.00,15240.00,32575.00
2025-06-10,9854.00,2482.00,2616.00,1958.00,15070.00,32695.00
2025-06-11,9730.00,2511.50,2633.00,1957.50,15030.00,32695.00
2025-06-12,9779.00,2510.00,2615.00,1966.00,14940.00,32725.00
2025-06-13,9658.00,2485.00,2562.50,1954.00,14970.00,32475.00
2025-06-16,9738.00,2508.50,2634.00,1973.00,15000.00,32525.00
2025-06-17,9820.50,2530.00,2612.50,1951.00,14820.00,32325.00
2025-06-18,9841.00,2545.50,2603.00,1945.00,14785.00,32205.00
2025-06-19,9712.00,2525.50,2599.00,1958.00,14850.00,32200.00
2025-06-20,9945.00,2529.00,2616.00,1956.50,14770.00,32400.00
2025-06-23,10035.00,2599.00,2646.00,1979.00,14605.00,32675.00
2025-06-24,9930.50,2572.50,2687.00,2002.00,14745.00,32675.00
2025-06-25,9810.00,2555.50,2692.00,2020.00,14805.00,32610.00
2025-06-26,10115.00,2573.50,2736.00,2017.50,14960.00,33400.00
2025-06-27,10051.00,2583.00,2753.00,2010.00,15030.00,34025.00
2025-06-30,10040.00,2593.00,2764.00,2025.00,15020.00,33845.00
2025-07-01,10061.00,2604.00,2719.00,2014.50,14965.00,34075.00
2025-07-02,10045.00,2602.00,2710.50,2022.50,15085.00,33645.00
2025-07-03,10120.00,2604.00,2727.50,2030.50,15250.00,33850.00
2025-07-04,9970.50,2587.00,2714.00,2041.00,15120.00,33775.00
2025-07-07,9893.00,2566.00,2672.00,2013.00,14920.00,33535.00
2025-07-08,9925.00,2587.00,2699.00,2032.50,14940.00,33525.00
2025-07-09,9635.00,2580.00,2717.50,2017.00,14825.00,33325.00
2025-07-10,9752.00,2609.00,2783.00,2029.00,15100.00,33800.00
2025-07-11,9637.50,2591.50,2743.00,1995.00,14955.00,33500.00
2025-07-14,9555.00,2586.00,2711.00,1965.50,14885.00,33555.00
2025-07-15,9564.00,2594.00,2699.00,1967.00,14840.00,33400.00
2025-07-16,9563.00,2568.00,2677.00,1953.00,14800.00,32700.00
2025-07-17,9586.00,2557.00,2701.00,1940.00,14800.00,32735.00
2025-07-18,9667.00,2591.50,2780.50,1978.00,14900.00,33160.00
2025-07-21,9773.50,2649.00,2846.00,1976.50,15275.00,33775.00
2025-07-22,9818.50,2638.50,2822.00,1978.00,15280.00,33800.00
2025-07-23,9862.00,2645.00,2862.00,2007.00,15330.00,34550.00
2025-07-24,9861.00,2646.50,2854.00,2007.00,15330.00,34955.00
2025-07-25,9788.00,2657.00,2844.50,2008.00,15245.00,34995.00
2025-07-28,9783.00,2632.50,2816.00,2007.50,15050.00,34100.00
2025-07-29,9733.50,2609.00,2791.00,1983.50,14950.00,33610.00
2025-07-30,9699.50,2611.00,2795.00,1976.00,14890.00,33785.00
2025-07-31,9606.00,2580.00,2769.00,1940.00,14800.00,32800.00
2025-08-01,9535.50,2545.00,2707.00,1926.00,14600.00,33185.00
2025-08-04,9622.50,2575.00,2736.00,1927.50,14880.00,33450.00
2025-08-05,9576.50,2568.00,2754.50,1919.50,14755.00,33150.00
2025-08-06,9604.50,2589.50,2777.50,1952.00,14940.00,33525.00
2025-08-07,9636.50,2617.00,2808.00,1974.00,14980.00,33655.00
2025-08-08,9627.00,2609.00,2811.00,1963.00,14885.00,33900.00
2025-08-11,9643.50,2586.50,2803.50,1958.50,15045.00,33675.00
2025-08-12,9661.50,2605.00,2826.50,1974.00,14985.00,33750.00
2025-08-13,9746.50,2626.00,2841.50,1969.50,15135.00,33850.00
2025-08-15,9621.00,2600.00,2811.50,1945.50,14910.00,33750.00
2025-08-14,9665.50,2608.50,2824.00,1942.50,14880.00,33575.00
2025-08-18,9626.50,2586.50,2787.00,1925.00,14900.00,33950.00
2025-08-19,9621.50,2572.50,2758.00,1932.00,14885.00,33995.00
2025-08-20,9576.50,2567.00,2763.00,1929.00,14780.00,33800.00
2025-08-21,9611.00,2570.50,2762.00,1932.00,14770.00,33500.00
2025-08-22,9643.00,2589.00,2772.00,1946.00,14745.00,33550.00
2025-08-25,9643.00,2589.00,2772.00,1946.00,14745.00,33550.00
2025-08-26,9707.50,2611.50,2789.00,1951.50,14975.00,34100.00
2025-08-27,9682.00,2618.00,2775.00,1949.00,14925.00,34605.00
2025-08-28,9703.50,2615.00,2764.50,1944.00,15015.00,34900.00
2025-08-29,9805.00,2621.00,2815.50,1943.00,15190.00,35535.00
2025-09-01,9804.50,2612.50,2840.00,1955.00,15265.00,35150.00
2025-09-02,9773.50,2615.00,2874.00,1947.00,15100.00,35080.00
2025-09-03,9873.00,2617.00,2888.00,1958.00,15110.00,35000.00
2025-09-04,9813.00,2606.00,2848.00,1954.00,15070.00,34695.00
2025-09-05,9881.00,2616.00,2889.50,1954.00,15110.00,34785.00
2025-09-08,9810.50,2613.50,2884.50,1946.00,15095.00,34625.00
2025-09-09,9822.50,2621.00,2877.00,1942.50,14970.00,34300.00
2025-09-10,9847.00,2623.50,2892.00,1938.00,14940.00,34600.00
2025-09-11,9926.00,2656.00,2908.00,1943.50,14900.00,34800.00
2025-09-12,10004.50,2707.00,2950.00,1957.00,15175.00,34775.00
2025-09-15,9986.00,2693.50,2979.00,1962.00,15285.00,34750.00
2025-09-16,10071.50,2736.50,3019.00,1953.50,15235.00,34675.00
2025-09-17,9894.00,2691.00,2975.50,1950.00,15075.00,34250.00
2025-09-18,9895.00,2693.00,2958.00,1969.00,15100.00,33600.00
2025-09-19,9904.00,2689.50,2927.00,1964.00,15135.00,33800.00
2025-09-22,9921.50,2667.00,2985.00,1964.00,15020.00,34150.00
2025-09-23,9900.00,2646.00,2910.50,1945.00,15100.00,33875.00
2025-09-24,9862.00,2623.00,2923.50,1959.00,15100.00,34050.00
2025-09-25,10312.00,2661.50,3012.00,1965.50,15285.00,34430.00
2025-09-26,10125.50,2642.50,2935.00,1957.50,15035.00,34450.00
2025-09-29,10233.00,2672.00,2974.50,1957.00,15065.00,34755.00
2025-09-30,10300.00,2668.50,3010.00,1957.00,15075.00,35285.00
2025-10-01,10263.00,2683.50,3027.00,1958.00,14965.00,36000.00
2025-10-02,10455.00,2700.00,3102.00,1987.50,15110.00,36375.00
2025-10-03,10537.50,2703.00,3057.00,1985.00,15230.00,37700.00
2025-10-06,10609.50,2713.00,3071.00,1968.00,15185.00,36750.00
2025-10-08,10738.00,2750.50,3092.50,1967.00,15190.00,36505.00
2025-10-09,10866.50,2786.50,3111.00,1992.00,15325.00,36900.00
2025-10-10,10735.00,2799.50,3113.00,1978.00,15175.00,36500.00
2025-10-13,10617.50,2774.00,3119.00,1956.50,15040.00,35925.00
2025-10-14,10600.00,2734.00,3049.00,1940.00,14910.00,35175.00
2025-10-15,10702.00,2752.50,3151.00,1951.50,15050.00,35600.00
2025-10-16,10495.00,2775.00,3100.00,1940.00,14975.00,35360.00
2025-10-17,10527.50,2789.50,3080.00,1936.00,14930.00,35075.00
2025-10-20,10581.00,2773.00,3159.00,1938.00,14925.00,34775.00
2025-10-21,10612.00,2781.00,3326.00,1949.00,14985.00,35400.00
2025-10-22,10600.00,2818.00,3325.00,1953.00,14935.00,35555.00
2025-10-23,10797.00,2845.00,3221.00,1973.00,15110.00,35750.00
2025-10-24,10807.00,2853.00,3227.00,1979.00,15085.00,35925.00
2025-10-27,10987.00,2879.00,3280.00,1987.00,15155.00,36435.00
2025-10-28,10917.00,2859.00,3165.00,1977.00,15035.00,36200.00
2025-10-29,11067.50,2891.50,3259.00,1999.00,15130.00,36260.00
2025-10-30,10949.00,2826.00,3139.50,1986.00,15025.00,36005.00
2025-10-31,10901.50,2885.00,3170.00,2000.00,15055.00,36300.00
2025-11-03,10872.50,2903.00,3190.00,1995.00,14970.00,36355.00
2025-11-04,10600.50,2853.00,3241.00,1990.00,14940.00,36100.00
2025-11-05,10603.00,2838.50,3189.00,2003.00,14840.00,35610.00
2025-11-06,10723.00,2861.50,3186.00,2000.50,14920.00,35975.00
2025-11-07,10720.00,2841.00,3190.00,2045.00,14870.00,36050.00
2025-11-10,10800.00,2867.50,3296.00,2043.50,14920.00,36240.00
2025-11-11,10777.00,2841.00,3172.00,2037.00,14850.00,36300.00
2025-11-12,10833.00,2856.00,3179.50,2044.00,14845.00,37000.00
2025-11-13,10942.00,2876.00,3180.00,2058.50,14855.00,37650.00
2025-11-14,10851.00,2832.50,3255.00,2056.00,14670.00,36920.00
2025-11-17,10799.00,2798.00,3231.00,2024.00,14580.00,36725.00
2025-11-18,10649.00,2749.50,3125.00,2012.00,14450.00,36770.00
2025-11-19,10784.00,2781.00,3160.00,1994.00,14460.00,37450.00
2025-11-20,10789.00,2778.50,3140.00,1993.00,14370.00,37400.00
2025-11-21,10685.50,2765.50,3119.00,1977.00,14280.00,36875.00
2025-11-24,10795.00,2776.50,3136.50,1960.00,14440.00,37475.00
2025-11-25,10876.00,2787.00,3118.00,1961.50,14650.00,37900.00
2025-11-26,10978.00,2822.50,3194.00,1947.00,14610.00,37995.00
2025-11-27,10934.00,2804.00,3191.00,1940.00,14605.00,38400.00
2025-11-28,11004.00,2826.00,3255.00,1955.00,14660.00,39125.00
2025-12-01,11299.00,2860.00,3315.00,1946.00,14695.00,39000.00
2025-12-02,11285.00,2858.50,3350.50,1965.00,14725.00,39250.00
2025-12-03,11437.00,2854.00,3240.50,1961.00,14680.00,39950.00
2025-12-04,11472.00,2854.00,3226.00,1962.00,14725.00,40295.00
2025-12-08,11695.00,2867.50,3256.00,1961.50,14705.00,40450.00
2025-12-09,11563.50,2832.00,3262.00,1939.00,14665.00,40125.00
2025-12-11,11740.00,2864.00,3320.00,1936.00,14450.00,40550.00
2025-12-12,11816.00,2845.50,3242.00,1932.00,14420.00,41905.00
2025-12-15,11774.50,2841.00,3127.00,1904.50,14225.00,41105.00
2025-12-16,11636.00,2833.50,3027.00,1901.00,14125.00,41100.00
2025-12-17,11720.00,2851.50,3033.50,1914.00,14275.00,42150.00
2025-12-18,11721.50,2852.50,3036.00,1913.00,14335.00,42950.00
2025-12-19,11845.00,2896.00,3040.00,1937.00,14565.00,43725.00
2025-12-22,11940.00,2898.50,3033.50,1924.00,14885.00,42700.00
2025-12-23,12070.00,2916.00,3086.50,1946.00,15465.00,43600.00
2025-12-25,12253.00,2932.00,3059.50,1945.50,15435.00,43155.00
2025-12-24,12253.00,2932.00,3059.50,1945.50,15435.00,43155.00
2025-12-26,12253.00,2932.00,3059.50,1945.50,15435.00,43155.00
2025-12-29,12306.00,2913.50,3056.00,1955.00,15850.00,42900.00
2025-12-30,12512.00,2945.00,3099.00,1980.00,16475.00,41625.00
2026-01-01,12504.00,2968.00,3063.50,1962.00,16485.00,40900.00
2025-12-31,12504.00,2968.00,3063.50,1962.00,16485.00,40900.00
2026-01-02,12571.00,2986.00,3106.00,1968.00,16765.00,42050.00
2026-01-05,12884.00,3022.50,3128.00,1962.00,16745.00,42250.00
2026-01-07,13145.00,3092.00,3165.00,2024.00,18450.00,44675.00
2026-01-08,12885.00,3081.00,3107.00,2006.00,16920.00,44400.00
2026-01-09,13060.00,3180.00,3101.50,1995.00,17675.00,44525.00
2026-01-12,13310.00,3185.50,3150.00,2020.00,17930.00,48200.00
2026-01-13,13310.00,3194.00,3259.50,2018.50,17620.00,47825.00
2026-01-14,13335.00,3221.00,3237.50,2029.00,18000.00,52650.00
2026-01-15,13205.00,3174.00,3288.50,2040.00,17905.00,54200.00
2026-01-16,13000.00,3147.00,3201.50,2017.00,17625.00,49425.00
2026-01-19,13000.00,3168.50,3184.00,2012.00,18000.00,47475.00
2026-01-20,13059.00,3137.00,3153.00,1985.00,17730.00,51050.00
2026-01-21,12898.00,3114.00,3152.50,1989.00,17860.00,52150.00
2026-01-22,12632.00,3093.50,3150.50,1984.00,17690.00,51300.00
2026-01-23,12920.50,3175.00,3221.00,1992.00,18630.00,54200.00
2026-01-26,13195.00,3192.00,3329.00,2009.00,18525.00,55005.00
2026-01-27,12980.00,3166.50,3293.00,1979.50,18335.00,55400.00
2026-01-28,12994.00,3259.00,3359.00,1972.50,18200.00,56400.00
2026-01-29,13844.00,3325.00,3487.00,2004.00,18750.00,56600.00
2026-01-30,13369.50,3110.00,3343.50,1957.00,17540.00,54000.00
2026-02-03,13295.00,3103.00,3290.00,1934.00,17175.00,48600.00
2026-02-04,13247.00,3047.50,3333.50,1910.00,17220.00,48300.00
2026-02-05,12822.00,3014.00,3255.00,1904.00,16680.00,46700.00
2026-02-06,12840.00,3045.00,3290.00,1906.00,16800.00,45845.00
2026-02-09,12980.00,3083.50,3325.50,1903.00,17050.00,48110.00
2026-02-10,13002.00,3063.00,3342.00,1910.50,16980.00,47975.00
2026-02-11,13327.00,3098.00,3437.00,1938.50,17720.00,50350.00
2026-02-12,13172.00,3117.00,3396.00,1949.00,17465.00,49500.00
2026-02-18,12603.00,3035.00,3277.00,1904.00,16840.00,45950.00
2026-02-17,12561.00,3014.00,3250.00,1899.00,16665.00,46000.00
2026-02-16,12757.00,3037.50,3256.00,1902.50,16760.00,46295.00
2026-02-13,12719.00,2996.00,3295.00,1918.00,16810.00,48300.00
2026-02-19,12626.00,3026.00,3292.00,1908.50,16940.00,46045.00
2026-02-20,12750.00,3053.00,3309.00,1902.00,17155.00,45500.00
2026-02-23,12832.00,3070.00,3324.00,1911.00,17355.00,47500.00
2026-02-24,13011.00,3077.00,3351.00,1903.00,17585.00,48905.00
2026-02-25,13171.00,3107.00,3352.00,1915.00,17750.00,53000.00
2026-02-26,13215.00,3121.00,3342.00,1944.00,17480.00,53600.00
2026-03-02,13230.00,3226.00,3354.00,1934.00,17335.00,57200.00
2026-02-27,13439.50,3157.50,3327.00,1928.00,17685.00,57425.00
2026-03-03,12820.00,3269.00,3287.00,1902.00,17000.00,49700.00
2026-03-06,12808.00,3385.00,3238.00,1900.50,17200.00,50400.00
2026-03-09,12750.50,3406.50,3320.00,1894.50,17290.00,48275.00
2026-03-10,12920.50,3402.50,3334.00,1895.00,17310.00,50005.00
2026-03-11,12850.50,3467.00,3268.00,1886.00,17220.00,49900.00
2026-03-12,12896.50,3516.50,3264.00,1894.00,17500.00,49725.00
2026-03-27,12046.00,3292.00,3075.00,1855.00,17010.00,44850.00
2026-03-30,12137.00,3482.00,3161.00,1873.00,17040.00,46850.00
2026-03-31,12160.00,3585.00,3184.50,1881.00,16860.00,45610.00
2026-04-01,12270.00,3583.50,3237.00,1892.00,17065.00,47795.00
2026-04-02,12147.00,3505.00,3235.00,1893.00,16900.00,45250.00
2026-04-03,12147.00,3505.00,3235.00,1893.00,16900.00,45250.00
2026-04-06,12147.00,3505.00,3235.00,1893.00,16900.00,45250.00
2026-04-07,12252.00,3600.00,3320.00,1903.00,16840.00,46025.00
2026-04-08,12552.00,3520.00,3295.00,1920.00,17200.00,47895.00
2026-04-09,12455.00,3494.50,3256.00,1893.50,17025.00,46725.00
2026-04-10,12660.50,3526.00,3297.00,1882.00,17070.00,47975.00
2026-04-13,12820.50,3665.50,3304.50,1885.00,17490.00,47705.00
